year,season,region,prefecture,tournament,round,date,team1,score1,team2,score2,source_url,note
2025,spring,hokushinetsu,石川,春季石川大会 2025 日程・結果,F,2025-05-06,金沢,1,小松工,7,https://koshien89.com/blog-entry-3493.html,level=prefecture
2025,spring,hokushinetsu,石川,春季石川大会 2025 日程・結果,SF,2025-05-05,金沢,6,小松大谷,0,https://koshien89.com/blog-entry-3493.html,level=prefecture
2025,spring,hokushinetsu,石川,春季石川大会 2025 日程・結果,SF,2025-05-05,星稜,3,小松工,4,https://koshien89.com/blog-entry-3493.html,level=prefecture
2025,spring,hokushinetsu,石川,春季石川大会 2025 日程・結果,QF,2025-05-03,金沢,2,金沢学院大附,0,https://koshien89.com/blog-entry-3493.html,level=prefecture
2025,spring,hokushinetsu,石川,春季石川大会 2025 日程・結果,QF,2025-05-03,羽咋工,1,小松工,2,https://koshien89.com/blog-entry-3493.html,level=prefecture;team2_sayonara
2025,spring,hokushinetsu,石川,春季石川大会 2025 日程・結果,QF,2025-05-03,門前,1,小松大谷,5,https://koshien89.com/blog-entry-3493.html,level=prefecture
2025,spring,hokushinetsu,石川,春季石川大会 2025 日程・結果,QF,2025-05-03,日本航空石川,5,星稜,12,https://koshien89.com/blog-entry-3493.html,level=prefecture;8innings
2025,spring,hokushinetsu,石川,春季石川大会 2025 日程・結果,3R,2025-04-30,羽咋工,7,金沢桜丘,0,https://koshien89.com/blog-entry-3493.html,level=prefecture;8innings
2025,spring,hokushinetsu,石川,春季石川大会 2025 日程・結果,3R,2025-04-30,金沢二水,0,金沢学院大附,6,https://koshien89.com/blog-entry-3493.html,level=prefecture
2025,spring,hokushinetsu,石川,春季石川大会 2025 日程・結果,3R,2025-04-29,石川高専,0,小松大谷,8,https://koshien89.com/blog-entry-3493.html,level=prefecture;7innings
2025,spring,hokushinetsu,石川,春季石川大会 2025 日程・結果,3R,2025-04-29,金沢,9,金沢錦丘,2,https://koshien89.com/blog-entry-3493.html,level=prefecture;7innings
2025,spring,hokushinetsu,石川,春季石川大会 2025 日程・結果,3R,2025-04-29,金沢西,0,小松工,8,https://koshien89.com/blog-entry-3493.html,level=prefecture;7innings
2025,spring,hokushinetsu,石川,春季石川大会 2025 日程・結果,3R,2025-04-29,門前,10,金沢泉丘,3,https://koshien89.com/blog-entry-3493.html,level=prefecture;8innings
2025,spring,hokushinetsu,石川,春季石川大会 2025 日程・結果,3R,2025-04-29,日本航空石川,2,遊学館,1,https://koshien89.com/blog-entry-3493.html,level=prefecture
2025,spring,hokushinetsu,石川,春季石川大会 2025 日程・結果,3R,2025-04-29,北陸学院,0,星稜,5,https://koshien89.com/blog-entry-3493.html,level=prefecture
2025,spring,hokushinetsu,石川,春季石川大会 2025 日程・結果,2R,2025-04-27,鵬学園,0,金沢学院大附,9,https://koshien89.com/blog-entry-3493.html,level=prefecture;8innings
2025,spring,hokushinetsu,石川,春季石川大会 2025 日程・結果,2R,2025-04-27,門前,7,県立工業,3,https://koshien89.com/blog-entry-3493.html,level=prefecture
2025,spring,hokushinetsu,石川,春季石川大会 2025 日程・結果,2R,2025-04-27,金沢龍谷,2,金沢桜丘,3,https://koshien89.com/blog-entry-3493.html,level=prefecture;10innings
2025,spring,hokushinetsu,石川,春季石川大会 2025 日程・結果,2R,2025-04-27,小松明峰,4,金沢泉丘,7,https://koshien89.com/blog-entry-3493.html,level=prefecture;10innings
2025,spring,hokushinetsu,石川,春季石川大会 2025 日程・結果,2R,2025-04-27,輪島,2,星稜,3,https://koshien89.com/blog-entry-3493.html,level=prefecture
2025,spring,hokushinetsu,石川,春季石川大会 2025 日程・結果,2R,2025-04-27,金沢二水,6,小松商業,4,https://koshien89.com/blog-entry-3493.html,level=prefecture
2025,spring,hokushinetsu,石川,春季石川大会 2025 日程・結果,2R,2025-04-27,北陸学院,9,寺井,5,https://koshien89.com/blog-entry-3493.html,level=prefecture
2025,spring,hokushinetsu,石川,春季石川大会 2025 日程・結果,2R,2025-04-27,金沢市立工業,6,羽咋工業,8,https://koshien89.com/blog-entry-3493.html,level=prefecture
2025,spring,hokushinetsu,石川,春季石川大会 2025 日程・結果,2R,2025-04-26,金沢,5,小松,2,https://koshien89.com/blog-entry-3493.html,level=prefecture
2025,spring,hokushinetsu,石川,春季石川大会 2025 日程・結果,2R,2025-04-26,津幡,1,小松大谷,2,https://koshien89.com/blog-entry-3493.html,level=prefecture
2025,spring,hokushinetsu,石川,春季石川大会 2025 日程・結果,2R,2025-04-26,石川高専,4,金沢商業,3,https://koshien89.com/blog-entry-3493.html,level=prefecture
2025,spring,hokushinetsu,石川,春季石川大会 2025 日程・結果,2R,2025-04-26,穴水,0,金沢錦丘,7,https://koshien89.com/blog-entry-3493.html,level=prefecture;7innings
2025,spring,hokushinetsu,石川,春季石川大会 2025 日程・結果,2R,2025-04-26,金沢伏見,0,小松工業,10,https://koshien89.com/blog-entry-3493.html,level=prefecture;6innings
2025,spring,hokushinetsu,石川,春季石川大会 2025 日程・結果,2R,2025-04-26,遊学館,7,小松市立,0,https://koshien89.com/blog-entry-3493.html,level=prefecture;7innings
2025,spring,hokushinetsu,石川,春季石川大会 2025 日程・結果,2R,2025-04-26,日本航空石川,8,七尾,1,https://koshien89.com/blog-entry-3493.html,level=prefecture;7innings
2025,spring,hokushinetsu,石川,春季石川大会 2025 日程・結果,2R,2025-04-26,金沢西,5,金沢北陵,3,https://koshien89.com/blog-entry-3493.html,level=prefecture
2025,spring,hokushinetsu,石川,春季石川大会 2025 日程・結果,1R,2025-04-20,小松明峰,10,翠星,0,https://koshien89.com/blog-entry-3493.html,level=prefecture;6innings
2025,spring,hokushinetsu,石川,春季石川大会 2025 日程・結果,1R,2025-04-20,寺井,8,大聖寺,3,https://koshien89.com/blog-entry-3493.html,level=prefecture
2025,spring,hokushinetsu,石川,春季石川大会 2025 日程・結果,1R,2025-04-20,金沢泉丘,9,鶴来,1,https://koshien89.com/blog-entry-3493.html,level=prefecture
2025,spring,hokushinetsu,石川,春季石川大会 2025 日程・結果,1R,2025-04-20,飯田,1,金沢商業,12,https://koshien89.com/blog-entry-3493.html,level=prefecture;5innings
2025,spring,hokushinetsu,石川,春季石川大会 2025 日程・結果,1R,2025-04-20,七尾東雲,0,北陸学院,17,https://koshien89.com/blog-entry-3493.html,level=prefecture;6innings
2025,spring,hokushinetsu,石川,春季石川大会 2025 日程・結果,1R,2025-04-19,鹿西,0,金沢二水,11,https://koshien89.com/blog-entry-3493.html,level=prefecture;5innings
2025,spring,hokushinetsu,石川,春季石川大会 2025 日程・結果,1R,2025-04-19,金沢大学附属,0,金沢龍谷,19,https://koshien89.com/blog-entry-3493.html,level=prefecture;5innings
2025,spring,hokushinetsu,石川,春季石川大会 2025 日程・結果,1R,2025-04-19,羽咋,3,小松商業,6,https://koshien89.com/blog-entry-3493.html,level=prefecture
2025,spring,hokushinetsu,石川,春季石川大会 2025 日程・結果,1R,2025-04-19,遊学館,11,野々市明倫,0,https://koshien89.com/blog-entry-3493.html,level=prefecture;7innings
2025,spring,hokushinetsu,石川,春季石川大会 2025 日程・結果,1R,2025-04-19,能登,0,小松市立,7,https://koshien89.com/blog-entry-3493.html,level=prefecture;7innings
2025,spring,hokushinetsu,石川,春季石川大会 2025 日程・結果,1R,2025-04-19,金沢桜丘,7,大聖寺実業,4,https://koshien89.com/blog-entry-3493.html,level=prefecture
