prefecture,category_id,article_url,match_count,prefecture_count,qualifier_count,F,SF,QF,status,note
北海道,6,https://koshien89.com/blog-entry-3654.html,156,19,137,1,2,4,OK,秋季北海道大会 2025 日程・結果
青森,7,https://koshien89.com/blog-entry-3633.html,44,44,0,1,2,4,OK,秋季青森大会 2025 日程・結果
岩手,8,https://koshien89.com/blog-entry-3622.html,58,16,42,1,2,4,OK,秋季秋田大会 2025 日程・結果
宮城,9,https://koshien89.com/blog-entry-3623.html,93,23,70,1,2,4,OK,秋季岩手大会 2025 日程・結果
秋田,10,https://koshien89.com/blog-entry-3628.html,64,36,28,1,2,4,OK,秋季山形大会 2025 日程・結果
山形,11,https://koshien89.com/blog-entry-3593.html,76,34,42,1,2,4,OK,秋季宮城大会 2025 日程・結果
福島,12,https://koshien89.com/blog-entry-3624.html,105,56,49,1,2,4,OK,秋季福島大会 2025 日程・結果
茨城,13,https://koshien89.com/blog-entry-3568.html,149,33,116,1,2,4,OK,秋季茨城大会 2025 日程・結果
栃木,14,https://koshien89.com/blog-entry-3648.html,48,48,0,1,2,4,OK,秋季栃木大会 2025 日程・結果
群馬,15,https://koshien89.com/blog-entry-3636.html,56,56,0,1,2,4,OK,秋季群馬大会 2025 日程・結果
埼玉,16,https://koshien89.com/blog-entry-3647.html,133,39,94,1,2,4,OK,秋季埼玉大会 2025 日程・結果
千葉,17,https://koshien89.com/blog-entry-3569.html,251,47,204,1,2,4,OK,秋季千葉大会 2025 日程・結果
神奈川,18,https://koshien89.com/blog-entry-3651.html,75,75,0,1,2,4,OK,秋季神奈川大会 2025 日程・結果
山梨,19,https://koshien89.com/blog-entry-3634.html,29,29,0,1,2,4,OK,秋季山梨大会 2025 日程・結果
東京,20,https://koshien89.com/blog-entry-3638.html,234,63,171,1,2,12,OK,秋季東京大会 2025 日程・結果
新潟,21,https://koshien89.com/blog-entry-3641.html,62,62,0,1,2,4,OK,秋季新潟大会 2025 日程・結果
長野,22,https://koshien89.com/blog-entry-3631.html,137,24,113,1,2,4,OK,秋季長野大会 2025 日程・結果
富山,23,https://koshien89.com/blog-entry-3637.html,36,36,0,1,2,4,OK,秋季富山大会 2025 日程・結果
石川,24,https://koshien89.com/blog-entry-3639.html,40,40,0,1,2,4,OK,秋季石川大会 2025 日程・結果
福井,25,https://koshien89.com/blog-entry-3642.html,27,27,0,1,2,4,OK,秋季福井大会 2025 日程・結果
静岡,26,https://koshien89.com/blog-entry-3571.html,142,40,102,1,2,4,OK,秋季静岡大会 2025 日程・結果
愛知,27,https://koshien89.com/blog-entry-3566.html,371,48,323,1,2,4,OK,秋季愛知大会 2025 日程・結果
岐阜,28,https://koshien89.com/blog-entry-3567.html,115,36,79,1,2,4,OK,秋季岐阜大会 2025 日程・結果
三重,29,https://koshien89.com/blog-entry-3635.html,54,54,0,1,2,4,OK,秋季三重大会 2025 日程・結果
滋賀,30,https://koshien89.com/blog-entry-3632.html,46,46,0,1,2,4,OK,秋季滋賀大会 2025 日程・結果
京都,31,https://koshien89.com/blog-entry-3594.html,69,69,0,1,2,4,OK,秋季京都大会 2025 日程・結果
大阪,32,https://koshien89.com/blog-entry-3620.html,143,143,0,1,2,4,OK,秋季大阪大会 2025 日程・結果
兵庫,33,https://koshien89.com/blog-entry-3609.html,249,55,194,1,2,4,OK,秋季兵庫大会 2025 日程・結果
奈良,34,https://koshien89.com/blog-entry-3629.html,33,33,0,1,2,4,OK,秋季奈良大会 2025 日程・結果
和歌山,35,https://koshien89.com/blog-entry-3649.html,33,33,0,1,2,4,OK,秋季和歌山大会 2025 日程・結果
鳥取,36,https://koshien89.com/blog-entry-3626.html,106,20,86,1,2,4,OK,秋季岡山大会 2025 日程・結果
島根,37,https://koshien89.com/blog-entry-3625.html,149,32,117,1,2,4,OK,秋季広島大会 2025 日程・結果
岡山,38,https://koshien89.com/blog-entry-3650.html,20,20,0,1,2,4,OK,秋季鳥取大会 2025 日程・結果
広島,39,https://koshien89.com/blog-entry-3657.html,34,34,0,1,2,4,OK,秋季島根大会 2025 日程・結果
山口,40,https://koshien89.com/blog-entry-3640.html,49,49,0,1,2,4,OK,秋季山口大会 2025 日程・結果
徳島,41,https://koshien89.com/blog-entry-3645.html,35,35,0,1,2,4,OK,秋季香川大会 2025 日程・結果
香川,42,https://koshien89.com/blog-entry-3652.html,28,28,0,1,2,4,OK,秋季徳島大会 2025 日程・結果
愛媛,43,https://koshien89.com/blog-entry-3644.html,43,43,0,1,2,4,OK,秋季愛媛大会 2025 日程・結果
高知,44,https://koshien89.com/blog-entry-3643.html,22,22,0,1,2,4,OK,秋季高知大会 2025 日程・結果
福岡,45,https://koshien89.com/blog-entry-3630.html,126,126,0,1,2,4,OK,秋季福岡大会 2025 日程・結果
佐賀,46,https://koshien89.com/blog-entry-3655.html,34,34,0,1,2,4,OK,秋季佐賀大会 2025 日程・結果
長崎,47,https://koshien89.com/blog-entry-3656.html,43,43,0,1,2,4,OK,秋季長崎大会 2025 日程・結果
熊本,48,https://koshien89.com/blog-entry-3653.html,50,50,0,1,2,4,OK,秋季熊本大会 2025 日程・結果
大分,49,https://koshien89.com/blog-entry-3659.html,38,38,0,1,2,4,OK,秋季大分大会 2025 日程・結果
宮崎,50,https://koshien89.com/blog-entry-3646.html,42,42,0,1,2,4,OK,秋季宮崎大会 2025 日程・結果
鹿児島,51,https://koshien89.com/blog-entry-3658.html,58,58,0,1,2,4,OK,秋季鹿児島大会 2025 日程・結果
沖縄,52,https://koshien89.com/blog-entry-3627.html,53,53,0,1,2,4,OK,秋季沖縄大会 2025 日程・結果
