prefecture,category_id,article_url,match_count,F,SF,QF,status,note
北海道,6,https://koshien89.com/blog-entry-3506.html,15,1,2,4,OK,春季北海道大会 2025 日程・結果
青森,7,https://koshien89.com/blog-entry-3504.html,46,1,2,4,OK,春季青森大会 2025 日程・結果
岩手,8,https://koshien89.com/blog-entry-3503.html,35,1,2,4,OK,春季秋田大会 2025 日程・結果
宮城,9,https://koshien89.com/blog-entry-3502.html,25,1,2,4,OK,春季岩手大会 2025 日程・結果
秋田,10,https://koshien89.com/blog-entry-3505.html,37,1,2,4,OK,春季山形大会 2025 日程・結果
山形,11,https://koshien89.com/blog-entry-3499.html,25,1,2,4,OK,春季宮城大会 2025 日程・結果
福島,12,https://koshien89.com/blog-entry-3500.html,27,1,2,4,OK,春季福島大会 2025 日程・結果
茨城,13,https://koshien89.com/blog-entry-3488.html,35,1,2,4,OK,春季茨城大会 2025 日程・結果
栃木,14,https://koshien89.com/blog-entry-3450.html,49,1,2,4,OK,春季栃木大会 2025 日程・結果
群馬,15,https://koshien89.com/blog-entry-3449.html,56,1,2,4,OK,春季群馬大会 2025 日程・結果
埼玉,16,https://koshien89.com/blog-entry-3486.html,47,1,2,4,OK,春季埼玉大会 2025 日程・結果
千葉,17,https://koshien89.com/blog-entry-3430.html,47,1,2,4,OK,春季千葉大会 2025 日程・結果
神奈川,18,https://koshien89.com/blog-entry-3487.html,78,1,2,4,OK,春季神奈川大会 2025 日程・結果
山梨,19,https://koshien89.com/blog-entry-3483.html,30,1,2,4,OK,春季山梨大会 2025 日程・結果
東京,20,https://koshien89.com/blog-entry-3426.html,111,1,2,4,OK,春季東京大会 2025 日程・結果
新潟,21,https://koshien89.com/blog-entry-3501.html,61,1,2,4,OK,春季新潟大会 2025 日程・結果
長野,22,https://koshien89.com/blog-entry-3498.html,16,1,2,4,OK,春季長野大会 2025 日程・結果
富山,23,https://koshien89.com/blog-entry-3497.html,37,1,2,4,OK,春季富山大会 2025 日程・結果
石川,24,https://koshien89.com/blog-entry-3493.html,42,1,2,4,OK,春季石川大会 2025 日程・結果
福井,25,https://koshien89.com/blog-entry-3494.html,27,1,2,4,OK,春季福井大会 2025 日程・結果
静岡,26,https://koshien89.com/blog-entry-3427.html,40,1,2,4,OK,春季静岡大会 2025 日程・結果
愛知,27,https://koshien89.com/blog-entry-3428.html,48,1,2,4,OK,春季愛知大会 2025 日程・結果
岐阜,28,https://koshien89.com/blog-entry-3447.html,24,1,2,4,OK,春季岐阜大会 2025 日程・結果
三重,29,https://koshien89.com/blog-entry-3442.html,26,1,2,4,OK,春季三重大会 2025 日程・結果
滋賀,30,https://koshien89.com/blog-entry-3489.html,46,1,2,4,OK,春季滋賀大会 2025 日程・結果
京都,31,https://koshien89.com/blog-entry-3490.html,69,1,2,4,OK,春季京都大会 2025 日程・結果
大阪,32,https://koshien89.com/blog-entry-3460.html,144,1,2,4,OK,春季大阪大会 2025 日程・結果
兵庫,33,https://koshien89.com/blog-entry-3448.html,36,1,2,4,OK,春季兵庫大会 2025 日程・結果
奈良,34,https://koshien89.com/blog-entry-3441.html,34,1,2,4,OK,春季奈良大会 2025 日程・結果
和歌山,35,https://koshien89.com/blog-entry-3444.html,32,1,2,4,OK,春季和歌山大会 2025 日程・結果
鳥取,36,https://koshien89.com/blog-entry-3461.html,24,1,2,4,OK,春季岡山大会 2025 日程・結果
島根,37,https://koshien89.com/blog-entry-3429.html,31,1,2,4,OK,春季広島大会 2025 日程・結果
岡山,38,https://koshien89.com/blog-entry-3496.html,21,1,2,4,OK,春季鳥取大会 2025 日程・結果
広島,39,https://koshien89.com/blog-entry-3495.html,37,1,2,4,OK,春季島根大会 2025 日程・結果
山口,40,https://koshien89.com/blog-entry-3485.html,49,1,2,4,OK,春季山口大会 2025 日程・結果
徳島,41,https://koshien89.com/blog-entry-3431.html,34,1,2,4,OK,春季香川大会 2025 日程・結果
香川,42,https://koshien89.com/blog-entry-3432.html,27,1,2,4,OK,春季徳島大会 2025 日程・結果
愛媛,43,https://koshien89.com/blog-entry-3433.html,45,1,2,4,OK,春季愛媛大会 2025 日程・結果
高知,44,https://koshien89.com/blog-entry-3446.html,20,1,2,4,OK,春季高知大会 2025 日程・結果
福岡,45,https://koshien89.com/blog-entry-3434.html,128,1,2,4,OK,春季福岡大会 2025 日程・結果
佐賀,46,https://koshien89.com/blog-entry-3435.html,34,1,2,4,OK,春季佐賀大会 2025 日程・結果
長崎,47,https://koshien89.com/blog-entry-3445.html,41,1,2,4,OK,春季長崎大会 2025 日程・結果
熊本,48,https://koshien89.com/blog-entry-3437.html,48,1,2,4,OK,春季熊本大会 2025 日程・結果
大分,49,https://koshien89.com/blog-entry-3436.html,38,1,2,4,OK,春季大分大会 2025 日程・結果
宮崎,50,https://koshien89.com/blog-entry-3438.html,43,1,2,4,OK,春季宮崎大会 2025 日程・結果
鹿児島,51,https://koshien89.com/blog-entry-3439.html,56,1,2,4,OK,春季鹿児島大会 2025 日程・結果
沖縄,52,https://koshien89.com/blog-entry-3440.html,52,1,2,4,OK,春季沖縄大会 2025 日程・結果
