region,article_url,match_count,F,SF,QF,status,note
北海道,https://koshien89.com/blog-entry-3506.html,164,1,2,4,OK,春季北海道大会 2025 日程・結果
東北,https://koshien89.com/blog-entry-3514.html,13,1,2,4,OK,春季東北大会 2025 日程・結果
関東,https://koshien89.com/blog-entry-3508.html,16,1,2,4,OK,春季関東大会 2025 日程・結果
北信越,https://koshien89.com/blog-entry-3512.html,7,1,2,0,OK,春季北信越大会 2025 日程・結果
東海,https://koshien89.com/blog-entry-3509.html,7,1,2,0,OK,春季東海大会 2025 日程・結果
近畿,https://koshien89.com/blog-entry-3513.html,7,1,2,0,OK,春季近畿大会 2025 日程・結果
中国,https://koshien89.com/blog-entry-3510.html,7,1,2,0,OK,春季中国大会 2025 日程・結果
四国,https://www.hb-nippon.com/tournaments/301,7,1,2,4,OK,2025年度（第78回）春季四国地区高等学校野球大会
九州,https://koshien89.com/blog-entry-3491.html,15,1,2,4,OK,春季九州大会 2025 日程・結果
