prefecture,category_id,article_urls,article_count,match_count,F,SF,QF,expected_F,expected_SF,expected_QF,status,note
北海道,6,https://koshien89.com/blog-entry-3762.html | https://koshien89.com/blog-entry-3761.html,2,162,2,4,8,2,4,8,OK,選手権北北海道大会 2026 日程・結果 | 選手権南北海道大会 2026 日程・結果
青森,7,https://koshien89.com/blog-entry-3794.html,1,44,1,2,4,1,2,4,OK,選手権青森大会 2026 日程・結果
岩手,8,https://koshien89.com/blog-entry-3798.html,1,34,1,2,4,1,2,4,OK,選手権秋田大会 2026 日程・結果
宮城,9,https://koshien89.com/blog-entry-3797.html,1,48,1,2,4,1,2,4,OK,選手権岩手大会 2026 日程・結果
秋田,10,https://koshien89.com/blog-entry-3799.html,1,36,1,2,4,1,2,4,OK,選手権山形大会 2026 日程・結果
山形,11,https://koshien89.com/blog-entry-3801.html,1,55,1,2,4,1,2,4,OK,選手権宮城大会 2026 日程・結果
福島,12,https://koshien89.com/blog-entry-3795.html,1,61,1,2,4,1,2,4,OK,選手権福島大会 2026 日程・結果
茨城,13,https://koshien89.com/blog-entry-3778.html,1,83,1,2,4,1,2,4,OK,選手権茨城大会 2026 日程・結果
栃木,14,https://koshien89.com/blog-entry-3774.html,1,51,1,2,4,1,2,4,OK,選手権栃木大会 2026 日程・結果
群馬,15,https://koshien89.com/blog-entry-3775.html,1,58,1,2,4,1,2,4,OK,選手権群馬大会 2026 日程・結果
埼玉,16,https://koshien89.com/blog-entry-3776.html,1,138,1,2,4,1,2,4,OK,選手権埼玉大会 2026 日程・結果
千葉,17,https://koshien89.com/blog-entry-3763.html,1,147,1,2,4,1,2,4,OK,選手権千葉大会 2026 日程・結果
神奈川,18,https://koshien89.com/blog-entry-3767.html,1,171,1,2,4,1,2,4,OK,選手権神奈川大会 2026 日程・結果
山梨,19,https://koshien89.com/blog-entry-3796.html,1,31,1,2,4,1,2,4,OK,選手権山梨大会 2026 日程・結果
東京,20,https://koshien89.com/blog-entry-3769.html | https://koshien89.com/blog-entry-3770.html,2,242,2,4,8,2,4,8,OK,選手権東東京大会 2026 日程・結果 | 選手権西東京大会 2026 日程・結果
新潟,21,https://koshien89.com/blog-entry-3802.html,1,65,1,2,4,1,2,4,OK,選手権新潟大会 2026 日程・結果
長野,22,https://koshien89.com/blog-entry-3787.html,1,68,1,2,4,1,2,4,OK,選手権長野大会 2026 日程・結果
富山,23,https://koshien89.com/blog-entry-3803.html,1,38,1,2,4,1,2,4,OK,選手権富山大会 2026 日程・結果
石川,24,https://koshien89.com/blog-entry-3804.html,1,41,1,2,4,1,2,4,OK,選手権石川大会 2026 日程・結果
福井,25,https://koshien89.com/blog-entry-3800.html,1,26,1,2,4,1,2,4,OK,選手権福井大会 2026 日程・結果
静岡,26,https://koshien89.com/blog-entry-3789.html,1,105,1,2,4,1,2,4,OK,選手権静岡大会 2026 日程・結果
愛知,27,https://koshien89.com/blog-entry-3768.html,1,173,1,2,4,1,2,4,OK,選手権愛知大会 2026 日程・結果
岐阜,28,https://koshien89.com/blog-entry-3788.html,1,61,1,2,4,1,2,4,OK,選手権岐阜大会 2026 日程・結果
三重,29,https://koshien89.com/blog-entry-3771.html,1,56,1,2,4,1,2,4,OK,選手権三重大会 2026 日程・結果
滋賀,30,https://koshien89.com/blog-entry-3793.html,1,46,1,2,4,1,2,4,OK,選手権滋賀大会 2026 日程・結果
京都,31,https://koshien89.com/blog-entry-3790.html,1,70,1,2,4,1,2,4,OK,選手権京都大会 2026 日程・結果
大阪,32,https://koshien89.com/blog-entry-3772.html,1,152,1,2,4,1,2,4,OK,選手権大阪大会 2026 日程・結果
兵庫,33,https://koshien89.com/blog-entry-3773.html,1,148,1,2,4,1,2,4,OK,選手権兵庫大会 2026 日程・結果
奈良,34,https://koshien89.com/blog-entry-3781.html,1,32,1,2,4,1,2,4,OK,選手権奈良大会 2026 日程・結果
和歌山,35,https://koshien89.com/blog-entry-3782.html,1,35,1,2,4,1,2,4,OK,選手権和歌山大会 2026 日程・結果
鳥取,36,https://koshien89.com/blog-entry-3807.html,1,53,1,2,4,1,2,4,OK,選手権岡山大会 2026 日程・結果
島根,37,https://koshien89.com/blog-entry-3784.html,1,84,1,2,4,1,2,4,OK,選手権広島大会 2026 日程・結果
岡山,38,https://koshien89.com/blog-entry-3783.html,1,20,1,2,4,1,2,4,OK,選手権鳥取大会 2026 日程・結果
広島,39,https://koshien89.com/blog-entry-3765.html,1,36,1,2,4,1,2,4,OK,選手権島根大会 2026 日程・結果
山口,40,https://koshien89.com/blog-entry-3766.html,1,49,1,2,4,1,2,4,OK,選手権山口大会 2026 日程・結果
徳島,41,https://koshien89.com/blog-entry-3806.html,1,34,1,2,4,1,2,4,OK,選手権香川大会 2026 日程・結果
香川,42,https://koshien89.com/blog-entry-3805.html,1,28,1,2,4,1,2,4,OK,選手権徳島大会 2026 日程・結果
愛媛,43,https://koshien89.com/blog-entry-3792.html,1,44,1,2,4,1,2,4,OK,選手権愛媛大会 2026 日程・結果
高知,44,https://koshien89.com/blog-entry-3808.html,1,23,1,2,4,1,2,4,OK,選手権高知大会 2026 日程・結果
福岡,45,https://koshien89.com/blog-entry-3786.html,1,130,1,2,4,1,2,4,OK,選手権福岡大会 2026 日程・結果
佐賀,46,https://koshien89.com/blog-entry-3764.html,1,35,1,2,4,1,2,4,OK,選手権佐賀大会 2026 日程・結果
長崎,47,https://koshien89.com/blog-entry-3785.html,1,46,1,2,4,1,2,4,OK,選手権長崎大会 2026 日程・結果
熊本,48,https://koshien89.com/blog-entry-3779.html,1,53,1,2,4,1,2,4,OK,選手権熊本大会 2026 日程・結果
大分,49,https://koshien89.com/blog-entry-3777.html,1,40,1,2,4,1,2,4,OK,選手権大分大会 2026 日程・結果
宮崎,50,https://koshien89.com/blog-entry-3780.html,1,45,1,2,4,1,2,4,OK,選手権宮崎大会 2026 日程・結果
鹿児島,51,https://koshien89.com/blog-entry-3791.html,1,61,1,2,4,1,2,4,OK,選手権鹿児島大会 2026 日程・結果
沖縄,52,https://koshien89.com/blog-entry-3760.html,1,55,1,2,4,1,2,4,OK,選手権沖縄大会 2026 日程・結果
