rep_area_id,prefecture,rep_area_name,area_type,active_from,active_to,note
HKD-N,北海道,北北海道,regular_split,,,shared school master
HKD-S,北海道,南北海道,regular_split,,,shared school master
TKY-E,東京,東東京,regular_split,,,shared school master
TKY-W,東京,西東京,regular_split,,,shared school master
STM-E,埼玉,東埼玉,commemorative_split,,,shared school master
STM-W,埼玉,西埼玉,commemorative_split,,,shared school master
CHB-E,千葉,東千葉,commemorative_split,,,shared school master
CHB-W,千葉,西千葉,commemorative_split,,,shared school master
KNG-N,神奈川,北神奈川,commemorative_split,,,shared school master
KNG-S,神奈川,南神奈川,commemorative_split,,,shared school master
AIC-E,愛知,東愛知,commemorative_split,,,shared school master
AIC-W,愛知,西愛知,commemorative_split,,,shared school master
OSK-N,大阪,北大阪,commemorative_split,,,shared school master
OSK-S,大阪,南大阪,commemorative_split,,,shared school master
FUK-N,福岡,北福岡,commemorative_split,,,shared school master
FUK-S,福岡,南福岡,commemorative_split,,,shared school master
