school_id,event_year,event_type,old_name,new_name,related_school_id,status_after,note
0947006CE1,,dedupe,KBC,ＫＢＣ,094700B801,active,同一校の重複ID名寄せ。実際の学校統合ではない
010100E288,,dedupe,クラーク,クラーク国際,010100FAEC,active,同一校の重複ID名寄せ。実際の学校統合ではない
010100D175,,dedupe,旭川志峯(北北海道),旭川志峯,000000A7E2,active,同一校の重複ID名寄せ。実際の学校統合ではない
0625006614,,dedupe,綾羽(滋賀),綾羽,000000D61A,active,同一校の重複ID名寄せ。実際の学校統合ではない
094700737F,,dedupe,エナジック(沖縄),エナジック,090000814A,active,同一校の重複ID名寄せ。実際の学校統合ではない
031400D892,,dedupe,サレジオ,サレジオ学院,031400070A,active,同一校の重複ID名寄せ。実際の学校統合ではない
042400E3D8,,dedupe,伊勢工業,伊勢工,0424005AEF,active,同一校の重複ID名寄せ。実際の学校統合ではない
094100E51B,,dedupe,伊万里実業,伊万里実,0941001DC2,active,同一校の重複ID名寄せ。実際の学校統合ではない
051600328C,,dedupe,ＡＯＩＫＥ,AOIKE,051600016C,active,同一校の重複ID名寄せ。実際の学校統合ではない
020400253C,,dedupe,花巻東(岩手1),花巻東,02000035AA,active,同一校の重複ID名寄せ。実際の学校統合ではない
0204007F83,,dedupe,一関学院(岩手2),一関学院,0200009968,active,同一校の重複ID名寄せ。実際の学校統合ではない
083700CD96,,dedupe,阿南光(徳島),阿南光,0000004C2A,active,同一校の重複ID名寄せ。実際の学校統合ではない
083700CD96,,dedupe,阿南光(徳島1),阿南光,080000F9F1,active,同一校の重複ID名寄せ。実際の学校統合ではない
042300D308,,dedupe,渥美農業,渥美農,0423006CFF,active,同一校の重複ID名寄せ。実際の学校統合ではない
042300A78C,,dedupe,三谷水,三谷水産,042300D4E7,active,同一校の重複ID名寄せ。実際の学校統合ではない
04230013AF,,dedupe,中部大第一,中部大一,0423000401,active,同一校の重複ID名寄せ。実際の学校統合ではない
042300375F,,dedupe,日福大付,日本福祉大付,0423005F02,active,同一校の重複ID名寄せ。実際の学校統合ではない
042300375F,,dedupe,日福大付属,日本福祉大付,04230049D4,active,同一校の重複ID名寄せ。実際の学校統合ではない
0423007BFF,,dedupe,半田農業,半田農,0423003BD6,active,同一校の重複ID名寄せ。実際の学校統合ではない
042300D73C,,dedupe,豊橋工,豊橋工科,0423003885,active,同一校の重複ID名寄せ。実際の学校統合ではない
04230004AC,,dedupe,豊橋商業,豊橋商,042300C6D3,active,同一校の重複ID名寄せ。実際の学校統合ではない
042300BF2A,,dedupe,豊川工,豊川工科,0423009FBF,active,同一校の重複ID名寄せ。実際の学校統合ではない
