region,prefecture,year,season,tournament_name,source_url,status,note
hokkaido,北海道,2025,spring,春季北海道大会 2025 日程・結果,https://koshien89.com/blog-entry-3506.html,ok,15 matches
tohoku,青森,2025,spring,春季青森大会 2025 日程・結果,https://koshien89.com/blog-entry-3504.html,ok,46 matches
tohoku,岩手,2025,spring,春季秋田大会 2025 日程・結果,https://koshien89.com/blog-entry-3503.html,ok,35 matches
tohoku,宮城,2025,spring,春季岩手大会 2025 日程・結果,https://koshien89.com/blog-entry-3502.html,ok,25 matches
tohoku,秋田,2025,spring,春季山形大会 2025 日程・結果,https://koshien89.com/blog-entry-3505.html,ok,37 matches
tohoku,山形,2025,spring,春季宮城大会 2025 日程・結果,https://koshien89.com/blog-entry-3499.html,ok,25 matches
tohoku,福島,2025,spring,春季福島大会 2025 日程・結果,https://koshien89.com/blog-entry-3500.html,ok,27 matches
kanto_tokyo,茨城,2025,spring,春季茨城大会 2025 日程・結果,https://koshien89.com/blog-entry-3488.html,ok,35 matches
kanto_tokyo,栃木,2025,spring,春季栃木大会 2025 日程・結果,https://koshien89.com/blog-entry-3450.html,ok,49 matches
kanto_tokyo,群馬,2025,spring,春季群馬大会 2025 日程・結果,https://koshien89.com/blog-entry-3449.html,ok,56 matches
kanto_tokyo,埼玉,2025,spring,春季埼玉大会 2025 日程・結果,https://koshien89.com/blog-entry-3486.html,ok,47 matches
kanto_tokyo,千葉,2025,spring,春季千葉大会 2025 日程・結果,https://koshien89.com/blog-entry-3430.html,ok,47 matches
kanto_tokyo,神奈川,2025,spring,春季神奈川大会 2025 日程・結果,https://koshien89.com/blog-entry-3487.html,ok,78 matches
kanto_tokyo,山梨,2025,spring,春季山梨大会 2025 日程・結果,https://koshien89.com/blog-entry-3483.html,ok,30 matches
kanto_tokyo,東京,2025,spring,春季東京大会 2025 日程・結果,https://koshien89.com/blog-entry-3426.html,ok,111 matches
hokushinetsu,新潟,2025,spring,春季新潟大会 2025 日程・結果,https://koshien89.com/blog-entry-3501.html,ok,61 matches
hokushinetsu,長野,2025,spring,春季長野大会 2025 日程・結果,https://koshien89.com/blog-entry-3498.html,ok,16 matches
hokushinetsu,富山,2025,spring,春季富山大会 2025 日程・結果,https://koshien89.com/blog-entry-3497.html,ok,37 matches
hokushinetsu,石川,2025,spring,春季石川大会 2025 日程・結果,https://koshien89.com/blog-entry-3493.html,ok,42 matches
hokushinetsu,福井,2025,spring,春季福井大会 2025 日程・結果,https://koshien89.com/blog-entry-3494.html,ok,27 matches
tokai,静岡,2025,spring,春季静岡大会 2025 日程・結果,https://koshien89.com/blog-entry-3427.html,ok,40 matches
tokai,愛知,2025,spring,春季愛知大会 2025 日程・結果,https://koshien89.com/blog-entry-3428.html,ok,48 matches
tokai,岐阜,2025,spring,春季岐阜大会 2025 日程・結果,https://koshien89.com/blog-entry-3447.html,ok,24 matches
tokai,三重,2025,spring,春季三重大会 2025 日程・結果,https://koshien89.com/blog-entry-3442.html,ok,26 matches
kinki,滋賀,2025,spring,春季滋賀大会 2025 日程・結果,https://koshien89.com/blog-entry-3489.html,ok,46 matches
kinki,京都,2025,spring,春季京都大会 2025 日程・結果,https://koshien89.com/blog-entry-3490.html,ok,69 matches
kinki,大阪,2025,spring,春季大阪大会 2025 日程・結果,https://koshien89.com/blog-entry-3460.html,ok,144 matches
kinki,兵庫,2025,spring,春季兵庫大会 2025 日程・結果,https://koshien89.com/blog-entry-3448.html,ok,36 matches
kinki,奈良,2025,spring,春季奈良大会 2025 日程・結果,https://koshien89.com/blog-entry-3441.html,ok,34 matches
kinki,和歌山,2025,spring,春季和歌山大会 2025 日程・結果,https://koshien89.com/blog-entry-3444.html,ok,32 matches
chugoku,鳥取,2025,spring,春季岡山大会 2025 日程・結果,https://koshien89.com/blog-entry-3461.html,ok,24 matches
chugoku,島根,2025,spring,春季広島大会 2025 日程・結果,https://koshien89.com/blog-entry-3429.html,ok,31 matches
chugoku,岡山,2025,spring,春季鳥取大会 2025 日程・結果,https://koshien89.com/blog-entry-3496.html,ok,21 matches
chugoku,広島,2025,spring,春季島根大会 2025 日程・結果,https://koshien89.com/blog-entry-3495.html,ok,37 matches
chugoku,山口,2025,spring,春季山口大会 2025 日程・結果,https://koshien89.com/blog-entry-3485.html,ok,49 matches
shikoku,徳島,2025,spring,春季香川大会 2025 日程・結果,https://koshien89.com/blog-entry-3431.html,ok,34 matches
shikoku,香川,2025,spring,春季徳島大会 2025 日程・結果,https://koshien89.com/blog-entry-3432.html,ok,27 matches
shikoku,愛媛,2025,spring,春季愛媛大会 2025 日程・結果,https://koshien89.com/blog-entry-3433.html,ok,45 matches
shikoku,高知,2025,spring,春季高知大会 2025 日程・結果,https://koshien89.com/blog-entry-3446.html,ok,20 matches
kyushu,福岡,2025,spring,春季福岡大会 2025 日程・結果,https://koshien89.com/blog-entry-3434.html,ok,128 matches
kyushu,佐賀,2025,spring,春季佐賀大会 2025 日程・結果,https://koshien89.com/blog-entry-3435.html,ok,34 matches
kyushu,長崎,2025,spring,春季長崎大会 2025 日程・結果,https://koshien89.com/blog-entry-3445.html,ok,41 matches
kyushu,熊本,2025,spring,春季熊本大会 2025 日程・結果,https://koshien89.com/blog-entry-3437.html,ok,48 matches
kyushu,大分,2025,spring,春季大分大会 2025 日程・結果,https://koshien89.com/blog-entry-3436.html,ok,38 matches
kyushu,宮崎,2025,spring,春季宮崎大会 2025 日程・結果,https://koshien89.com/blog-entry-3438.html,ok,43 matches
kyushu,鹿児島,2025,spring,春季鹿児島大会 2025 日程・結果,https://koshien89.com/blog-entry-3439.html,ok,56 matches
kyushu,沖縄,2025,spring,春季沖縄大会 2025 日程・結果,https://koshien89.com/blog-entry-3440.html,ok,52 matches
hokkaido,北海道,2025,autumn,秋季北海道大会 2025 日程・結果,https://koshien89.com/blog-entry-3654.html,ok,prefecture_all_levels;prefecture=19;qualifier=137
tohoku,青森,2025,autumn,秋季青森大会 2025 日程・結果,https://koshien89.com/blog-entry-3633.html,ok,prefecture_all_levels;prefecture=44;qualifier=0
tohoku,岩手,2025,autumn,秋季秋田大会 2025 日程・結果,https://koshien89.com/blog-entry-3622.html,ok,prefecture_all_levels;prefecture=16;qualifier=42
tohoku,宮城,2025,autumn,秋季岩手大会 2025 日程・結果,https://koshien89.com/blog-entry-3623.html,ok,prefecture_all_levels;prefecture=23;qualifier=70
tohoku,秋田,2025,autumn,秋季山形大会 2025 日程・結果,https://koshien89.com/blog-entry-3628.html,ok,prefecture_all_levels;prefecture=36;qualifier=28
tohoku,山形,2025,autumn,秋季宮城大会 2025 日程・結果,https://koshien89.com/blog-entry-3593.html,ok,prefecture_all_levels;prefecture=34;qualifier=42
tohoku,福島,2025,autumn,秋季福島大会 2025 日程・結果,https://koshien89.com/blog-entry-3624.html,ok,prefecture_all_levels;prefecture=56;qualifier=49
kanto_tokyo,茨城,2025,autumn,秋季茨城大会 2025 日程・結果,https://koshien89.com/blog-entry-3568.html,ok,prefecture_all_levels;prefecture=33;qualifier=116
kanto_tokyo,栃木,2025,autumn,秋季栃木大会 2025 日程・結果,https://koshien89.com/blog-entry-3648.html,ok,prefecture_all_levels;prefecture=48;qualifier=0
kanto_tokyo,群馬,2025,autumn,秋季群馬大会 2025 日程・結果,https://koshien89.com/blog-entry-3636.html,ok,prefecture_all_levels;prefecture=56;qualifier=0
kanto_tokyo,埼玉,2025,autumn,秋季埼玉大会 2025 日程・結果,https://koshien89.com/blog-entry-3647.html,ok,prefecture_all_levels;prefecture=39;qualifier=94
kanto_tokyo,千葉,2025,autumn,秋季千葉大会 2025 日程・結果,https://koshien89.com/blog-entry-3569.html,ok,prefecture_all_levels;prefecture=47;qualifier=204
kanto_tokyo,神奈川,2025,autumn,秋季神奈川大会 2025 日程・結果,https://koshien89.com/blog-entry-3651.html,ok,prefecture_all_levels;prefecture=75;qualifier=0
kanto_tokyo,山梨,2025,autumn,秋季山梨大会 2025 日程・結果,https://koshien89.com/blog-entry-3634.html,ok,prefecture_all_levels;prefecture=29;qualifier=0
kanto_tokyo,東京,2025,autumn,秋季東京大会 2025 日程・結果,https://koshien89.com/blog-entry-3638.html,ok,prefecture_all_levels;prefecture=63;qualifier=171
hokushinetsu,新潟,2025,autumn,秋季新潟大会 2025 日程・結果,https://koshien89.com/blog-entry-3641.html,ok,prefecture_all_levels;prefecture=62;qualifier=0
hokushinetsu,長野,2025,autumn,秋季長野大会 2025 日程・結果,https://koshien89.com/blog-entry-3631.html,ok,prefecture_all_levels;prefecture=24;qualifier=113
hokushinetsu,富山,2025,autumn,秋季富山大会 2025 日程・結果,https://koshien89.com/blog-entry-3637.html,ok,prefecture_all_levels;prefecture=36;qualifier=0
hokushinetsu,石川,2025,autumn,秋季石川大会 2025 日程・結果,https://koshien89.com/blog-entry-3639.html,ok,prefecture_all_levels;prefecture=40;qualifier=0
hokushinetsu,福井,2025,autumn,秋季福井大会 2025 日程・結果,https://koshien89.com/blog-entry-3642.html,ok,prefecture_all_levels;prefecture=27;qualifier=0
tokai,静岡,2025,autumn,秋季静岡大会 2025 日程・結果,https://koshien89.com/blog-entry-3571.html,ok,prefecture_all_levels;prefecture=40;qualifier=102
tokai,愛知,2025,autumn,秋季愛知大会 2025 日程・結果,https://koshien89.com/blog-entry-3566.html,ok,prefecture_all_levels;prefecture=48;qualifier=323
tokai,岐阜,2025,autumn,秋季岐阜大会 2025 日程・結果,https://koshien89.com/blog-entry-3567.html,ok,prefecture_all_levels;prefecture=36;qualifier=79
tokai,三重,2025,autumn,秋季三重大会 2025 日程・結果,https://koshien89.com/blog-entry-3635.html,ok,prefecture_all_levels;prefecture=54;qualifier=0
kinki,滋賀,2025,autumn,秋季滋賀大会 2025 日程・結果,https://koshien89.com/blog-entry-3632.html,ok,prefecture_all_levels;prefecture=46;qualifier=0
kinki,京都,2025,autumn,秋季京都大会 2025 日程・結果,https://koshien89.com/blog-entry-3594.html,ok,prefecture_all_levels;prefecture=69;qualifier=0
kinki,大阪,2025,autumn,秋季大阪大会 2025 日程・結果,https://koshien89.com/blog-entry-3620.html,ok,prefecture_all_levels;prefecture=143;qualifier=0
kinki,兵庫,2025,autumn,秋季兵庫大会 2025 日程・結果,https://koshien89.com/blog-entry-3609.html,ok,prefecture_all_levels;prefecture=55;qualifier=194
kinki,奈良,2025,autumn,秋季奈良大会 2025 日程・結果,https://koshien89.com/blog-entry-3629.html,ok,prefecture_all_levels;prefecture=33;qualifier=0
kinki,和歌山,2025,autumn,秋季和歌山大会 2025 日程・結果,https://koshien89.com/blog-entry-3649.html,ok,prefecture_all_levels;prefecture=33;qualifier=0
chugoku,鳥取,2025,autumn,秋季岡山大会 2025 日程・結果,https://koshien89.com/blog-entry-3626.html,ok,prefecture_all_levels;prefecture=20;qualifier=86
chugoku,島根,2025,autumn,秋季広島大会 2025 日程・結果,https://koshien89.com/blog-entry-3625.html,ok,prefecture_all_levels;prefecture=32;qualifier=117
chugoku,岡山,2025,autumn,秋季鳥取大会 2025 日程・結果,https://koshien89.com/blog-entry-3650.html,ok,prefecture_all_levels;prefecture=20;qualifier=0
chugoku,広島,2025,autumn,秋季島根大会 2025 日程・結果,https://koshien89.com/blog-entry-3657.html,ok,prefecture_all_levels;prefecture=34;qualifier=0
chugoku,山口,2025,autumn,秋季山口大会 2025 日程・結果,https://koshien89.com/blog-entry-3640.html,ok,prefecture_all_levels;prefecture=49;qualifier=0
shikoku,徳島,2025,autumn,秋季香川大会 2025 日程・結果,https://koshien89.com/blog-entry-3645.html,ok,prefecture_all_levels;prefecture=35;qualifier=0
shikoku,香川,2025,autumn,秋季徳島大会 2025 日程・結果,https://koshien89.com/blog-entry-3652.html,ok,prefecture_all_levels;prefecture=28;qualifier=0
shikoku,愛媛,2025,autumn,秋季愛媛大会 2025 日程・結果,https://koshien89.com/blog-entry-3644.html,ok,prefecture_all_levels;prefecture=43;qualifier=0
shikoku,高知,2025,autumn,秋季高知大会 2025 日程・結果,https://koshien89.com/blog-entry-3643.html,ok,prefecture_all_levels;prefecture=22;qualifier=0
kyushu,福岡,2025,autumn,秋季福岡大会 2025 日程・結果,https://koshien89.com/blog-entry-3630.html,ok,prefecture_all_levels;prefecture=126;qualifier=0
kyushu,佐賀,2025,autumn,秋季佐賀大会 2025 日程・結果,https://koshien89.com/blog-entry-3655.html,ok,prefecture_all_levels;prefecture=34;qualifier=0
kyushu,長崎,2025,autumn,秋季長崎大会 2025 日程・結果,https://koshien89.com/blog-entry-3656.html,ok,prefecture_all_levels;prefecture=43;qualifier=0
kyushu,熊本,2025,autumn,秋季熊本大会 2025 日程・結果,https://koshien89.com/blog-entry-3653.html,ok,prefecture_all_levels;prefecture=50;qualifier=0
kyushu,大分,2025,autumn,秋季大分大会 2025 日程・結果,https://koshien89.com/blog-entry-3659.html,ok,prefecture_all_levels;prefecture=38;qualifier=0
kyushu,宮崎,2025,autumn,秋季宮崎大会 2025 日程・結果,https://koshien89.com/blog-entry-3646.html,ok,prefecture_all_levels;prefecture=42;qualifier=0
kyushu,鹿児島,2025,autumn,秋季鹿児島大会 2025 日程・結果,https://koshien89.com/blog-entry-3658.html,ok,prefecture_all_levels;prefecture=58;qualifier=0
kyushu,沖縄,2025,autumn,秋季沖縄大会 2025 日程・結果,https://koshien89.com/blog-entry-3627.html,ok,prefecture_all_levels;prefecture=53;qualifier=0
