prefecture,rating,rating_from_1000,historical_prior
大阪,1113.46,113.46,120.61
神奈川,1073.44,73.44,53.22
奈良,1071.56,71.56,65.38
群馬,1062.07,62.07,33.27
宮城,1059.47,59.47,50.63
和歌山,1056.83,56.83,33.89
福岡,1051.88,51.88,21.78
広島,1048.55,48.55,66.68
兵庫,1048.49,48.49,30.33
京,1047.07,47.07,41.34
青森,1045.49,45.49,55.69
西東京,1044.48,44.48,12.44
石川,1044.34,44.34,76.75
東東京,1043.54,43.54,65.45
沖縄,1033.6,33.6,17.0
山梨,1028.32,28.32,-5.66
鹿児島,1027.96,27.96,21.44
高知,1020.05,20.05,46.68
大分,1019.13,19.13,31.18
埼玉,1016.97,16.97,9.55
岩手,1012.66,12.66,11.88
香川,1009.53,9.53,-4.78
千葉,1009.12,9.12,9.91
滋賀,1008.98,8.98,15.54
岡山,1006.12,6.12,19.02
福井,1005.51,5.51,22.21
福島,1003.5,3.5,-5.81
愛知,1003.31,3.31,23.26
山口,989.09,-10.91,-7.93
三重,988.33,-11.67,-40.14
熊本,984.43,-15.57,-39.59
茨城,983.87,-16.13,-10.39
長崎,983.69,-16.31,-12.63
岐阜,980.22,-19.78,-27.87
徳島,975.19,-24.81,-33.37
栃木,974.97,-25.03,-18.31
北北海道,974.58,-25.42,-71.46
静岡,971.03,-28.97,-14.01
南北海道,969.04,-30.96,0.08
山形,963.61,-36.39,-13.28
新潟,961.26,-38.74,-47.3
秋田,956.52,-43.48,-52.19
鳥取,948.61,-51.39,-58.81
島根,943.62,-56.38,-61.49
長野,941.28,-58.72,-40.75
宮崎,926.43,-73.57,-69.67
北海道,922.27,-77.73,-12.57
愛媛,921.72,-78.28,-62.49
東京,917.88,-82.12,-64.16
佐賀,905.51,-94.49,-84.23
富山,901.4,-98.6,-96.29
