pref_a,pref_b,games,effective_games,compatibility_elo_a,compatibility_elo_b,raw_pair_elo,shrinkage
三重,京,2,2.0,-0.0299,0.0299,-0.1493,0.2
三重,千葉,1,1.0,-0.3339,0.3339,-3.0049,0.1111
三重,埼玉,1,1.0,0.5449,-0.5449,4.904,0.1111
三重,大阪,4,4.0,-0.7416,0.7416,-2.2248,0.3333
三重,奈良,1,1.0,-0.3949,0.3949,-3.5538,0.1111
三重,山口,1,1.0,0.5609,-0.5609,5.0477,0.1111
三重,岐阜,21,21.0,8.9021,-8.9021,12.2934,0.7241
三重,島根,1,1.0,-0.229,0.229,-2.0608,0.1111
三重,広島,1,1.0,0.1232,-0.1232,1.1084,0.1111
三重,愛媛,1,1.0,-0.4892,0.4892,-4.4025,0.1111
三重,愛知,24,24.0,-10.9416,10.9416,-14.5889,0.75
三重,栃木,1,1.0,0.369,-0.369,3.3212,0.1111
三重,沖縄,1,1.0,-0.4391,0.4391,-3.9519,0.1111
三重,石川,1,1.0,0.4286,-0.4286,3.8576,0.1111
三重,神奈川,2,2.0,-1.4746,1.4746,-7.3732,0.2
三重,福井,1,1.0,-0.4711,0.4711,-4.2397,0.1111
三重,福岡,2,2.0,0.0263,-0.0263,0.1314,0.2
三重,西東京,1,1.0,0.4231,-0.4231,3.8076,0.1111
三重,長野,1,1.0,0.4454,-0.4454,4.0086,0.1111
三重,静岡,23,23.0,-4.4791,4.4791,-6.0371,0.7419
三重,鹿児島,1,1.0,0.4884,-0.4884,4.3959,0.1111
京,兵庫,10,10.0,-0.3777,0.3777,-0.6799,0.5556
京,南北海道,8,8.0,7.5213,-7.5213,15.0425,0.5
京,和歌山,15,15.0,8.5153,-8.5153,13.0568,0.6522
京,大分,1,1.0,-0.3595,0.3595,-3.2352,0.1111
京,大阪,14,14.0,-3.103,3.103,-4.8761,0.6364
京,奈良,13,13.0,0.1942,-0.1942,0.3138,0.619
京,宮城,2,2.0,0.228,-0.228,1.1402,0.2
京,山口,2,2.0,-0.1218,0.1218,-0.6088,0.2
京,山梨,2,2.0,-1.7953,1.7953,-8.9766,0.2
京,岡山,2,2.0,0.0529,-0.0529,0.2645,0.2
京,岩手,2,2.0,-0.2536,0.2536,-1.268,0.2
京,愛知,5,5.0,0.9922,-0.9922,2.5797,0.3846
京,新潟,1,1.0,0.411,-0.411,3.6989,0.1111
京,東東京,2,2.0,1.8869,-1.8869,9.4343,0.2
京,滋賀,5,5.0,0.9508,-0.9508,2.4721,0.3846
京,熊本,2,2.0,-1.5565,1.5565,-7.7825,0.2
京,石川,2,2.0,-1.3625,1.3625,-6.8126,0.2
京,福井,1,1.0,0.5039,-0.5039,4.535,0.1111
京,福岡,2,2.0,0.2555,-0.2555,1.2777,0.2
京,秋田,1,1.0,0.4936,-0.4936,4.4424,0.1111
京,群馬,2,2.0,1.8243,-1.8243,9.1215,0.2
京,西東京,2,2.0,-1.4079,1.4079,-7.0395,0.2
京,長崎,1,1.0,0.3862,-0.3862,3.4761,0.1111
京,青森,3,3.0,1.728,-1.728,6.3359,0.2727
京,香川,1,1.0,0.4147,-0.4147,3.7324,0.1111
京,鳥取,1,1.0,0.5089,-0.5089,4.5805,0.1111
京,鹿児島,2,2.0,-1.814,1.814,-9.0702,0.2
佐賀,千葉,1,1.0,-0.3515,0.3515,-3.1634,0.1111
佐賀,大分,7,7.0,-7.5447,7.5447,-16.1672,0.4667
佐賀,大阪,1,1.0,-0.2834,0.2834,-2.5509,0.1111
佐賀,宮崎,4,4.0,-2.3705,2.3705,-7.1115,0.3333
佐賀,富山,2,2.0,0.0292,-0.0292,0.1461,0.2
佐賀,山梨,1,1.0,-0.4727,0.4727,-4.2545,0.1111
佐賀,島根,1,1.0,-0.4929,0.4929,-4.4358,0.1111
佐賀,東東京,1,1.0,-0.2261,0.2261,-2.0351,0.1111
佐賀,栃木,1,1.0,0.5874,-0.5874,5.2862,0.1111
佐賀,沖縄,6,6.0,-3.6433,3.6433,-8.5011,0.4286
佐賀,滋賀,1,1.0,-0.3934,0.3934,-3.5405,0.1111
佐賀,熊本,5,5.0,3.7569,-3.7569,9.768,0.3846
佐賀,福岡,8,8.0,-3.5588,3.5588,-7.1177,0.5
佐賀,西東京,2,2.0,-1.142,1.142,-5.7099,0.2
佐賀,長崎,6,6.0,-3.6683,3.6683,-8.5594,0.4286
佐賀,鹿児島,7,7.0,-6.0286,6.0286,-12.9183,0.4667
兵庫,千葉,1,1.0,0.3786,-0.3786,3.4071,0.1111
兵庫,南北海道,3,3.0,3.4511,-3.4511,12.6541,0.2727
兵庫,和歌山,19,19.0,-7.9472,7.9472,-11.2934,0.7037
兵庫,埼玉,2,2.0,0.1921,-0.1921,0.9606,0.2
兵庫,大分,2,2.0,0.0982,-0.0982,0.491,0.2
兵庫,大阪,19,19.0,9.425,-9.425,13.3934,0.7037
兵庫,奈良,13,13.0,-1.2175,1.2175,-1.9668,0.619
兵庫,宮城,2,2.0,0.2415,-0.2415,1.2077,0.2
兵庫,山口,2,2.0,1.766,-1.766,8.8302,0.2
兵庫,山梨,1,1.0,-0.4068,0.4068,-3.661,0.1111
兵庫,岐阜,2,2.0,1.5317,-1.5317,7.6586,0.2
兵庫,岡山,2,2.0,-0.7206,0.7206,-3.6031,0.2
兵庫,岩手,1,1.0,0.4317,-0.4317,3.8855,0.1111
兵庫,島根,1,1.0,-0.6507,0.6507,-5.8562,0.1111
兵庫,広島,1,1.0,-0.3813,0.3813,-3.4315,0.1111
兵庫,愛媛,2,2.0,-0.2075,0.2075,-1.0376,0.2
兵庫,愛知,6,6.0,5.7184,-5.7184,13.343,0.4286
兵庫,東東京,2,2.0,-0.0136,0.0136,-0.0678,0.2
兵庫,沖縄,1,1.0,-0.544,0.544,-4.8964,0.1111
兵庫,滋賀,7,7.0,-5.0297,5.0297,-10.7779,0.4667
兵庫,神奈川,1,1.0,-0.3733,0.3733,-3.3594,0.1111
兵庫,福岡,5,5.0,-1.1067,1.1067,-2.8773,0.3846
兵庫,福島,3,3.0,3.0292,-3.0292,11.107,0.2727
兵庫,群馬,3,3.0,1.0171,-1.0171,3.7295,0.2727
兵庫,茨城,1,1.0,0.3696,-0.3696,3.3267,0.1111
兵庫,西東京,2,2.0,-0.0862,0.0862,-0.431,0.2
兵庫,長崎,3,3.0,1.0609,-1.0609,3.8898,0.2727
兵庫,青森,2,2.0,0.101,-0.101,0.505,0.2
兵庫,香川,1,1.0,0.3238,-0.3238,2.914,0.1111
兵庫,高知,1,1.0,-0.3252,0.3252,-2.9272,0.1111
北北海道,北海道,18,18.0,10.9896,-10.9896,15.8739,0.6923
北北海道,南北海道,162,162.0,4.3322,-4.3322,4.5461,0.9529
北北海道,大阪,2,2.0,-0.7939,0.7939,-3.9694,0.2
北北海道,宮城,1,1.0,-0.4683,0.4683,-4.2147,0.1111
北北海道,岡山,1,1.0,-0.3089,0.3089,-2.7802,0.1111
北北海道,岩手,1,1.0,-0.4236,0.4236,-3.8122,0.1111
北北海道,広島,1,1.0,-0.3596,0.3596,-3.2366,0.1111
北北海道,沖縄,1,1.0,-0.3097,0.3097,-2.7872,0.1111
北北海道,石川,1,1.0,-0.3641,0.3641,-3.2769,0.1111
北北海道,福岡,2,2.0,-1.1017,1.1017,-5.5083,0.2
北北海道,福島,1,1.0,-0.4795,0.4795,-4.3155,0.1111
北北海道,秋田,1,1.0,-0.4842,0.4842,-4.3575,0.1111
北北海道,群馬,2,2.0,0.5141,-0.5141,2.5703,0.2
北北海道,西東京,1,1.0,0.4705,-0.4705,4.2344,0.1111
北北海道,長崎,1,1.0,-0.4275,0.4275,-3.8478,0.1111
北北海道,長野,1,1.0,-0.465,0.465,-4.1846,0.1111
北海道,南北海道,31,31.0,-33.7194,33.7194,-42.4212,0.7949
千葉,南北海道,1,1.0,0.3602,-0.3602,3.2416,0.1111
千葉,和歌山,3,3.0,1.1233,-1.1233,4.1186,0.2727
千葉,埼玉,10,10.0,1.5686,-1.5686,2.8235,0.5556
千葉,大分,3,3.0,1.1636,-1.1636,4.2667,0.2727
千葉,大阪,2,2.0,-0.9379,0.9379,-4.6894,0.2
千葉,宮城,1,1.0,-0.4384,0.4384,-3.9457,0.1111
千葉,宮崎,1,1.0,0.3697,-0.3697,3.3271,0.1111
千葉,山口,1,1.0,-0.4938,0.4938,-4.4446,0.1111
千葉,山形,1,1.0,-0.5305,0.5305,-4.7749,0.1111
千葉,山梨,12,12.0,3.5563,-3.5563,5.9271,0.6
千葉,広島,1,1.0,-0.3418,0.3418,-3.0762,0.1111
千葉,愛媛,1,1.0,-0.4879,0.4879,-4.3908,0.1111
千葉,愛知,2,2.0,-1.3104,1.3104,-6.552,0.2
千葉,東東京,2,2.0,0.1661,-0.1661,0.8305,0.2
千葉,栃木,9,9.0,6.153,-6.153,11.6223,0.5294
千葉,沖縄,3,3.0,3.7335,-3.7335,13.6894,0.2727
千葉,滋賀,1,1.0,-0.3717,0.3717,-3.3452,0.1111
千葉,石川,2,2.0,-0.0111,0.0111,-0.0556,0.2
千葉,神奈川,17,17.0,12.1979,-12.1979,17.938,0.68
千葉,福井,2,2.0,-0.0333,0.0333,-0.1663,0.2
千葉,福岡,2,2.0,0.3847,-0.3847,1.9237,0.2
千葉,群馬,13,13.0,-4.2084,4.2084,-6.7982,0.619
千葉,茨城,14,14.0,-8.932,8.932,-14.0361,0.6364
千葉,西東京,4,4.0,-1.5882,1.5882,-4.7645,0.3333
千葉,長崎,1,1.0,-0.5036,0.5036,-4.532,0.1111
千葉,青森,1,1.0,0.4245,-0.4245,3.8205,0.1111
千葉,静岡,1,1.0,0.3663,-0.3663,3.2971,0.1111
千葉,高知,3,3.0,-0.7034,0.7034,-2.5793,0.2727
千葉,鹿児島,1,1.0,-0.5092,0.5092,-4.5825,0.1111
南北海道,埼玉,1,1.0,-0.3528,0.3528,-3.175,0.1111
南北海道,大分,2,2.0,0.2822,-0.2822,1.4109,0.2
南北海道,大阪,2,2.0,-0.9886,0.9886,-4.9428,0.2
南北海道,宮城,1,1.0,-0.3919,0.3919,-3.5274,0.1111
南北海道,山梨,1,1.0,-0.4552,0.4552,-4.0972,0.1111
南北海道,岐阜,2,2.0,-0.3783,0.3783,-1.8917,0.2
南北海道,広島,1,1.0,-0.318,0.318,-2.8621,0.1111
南北海道,東東京,1,1.0,-0.4287,0.4287,-3.8587,0.1111
南北海道,栃木,1,1.0,-0.4267,0.4267,-3.8407,0.1111
南北海道,滋賀,1,1.0,-0.1821,0.1821,-1.6386,0.1111
南北海道,熊本,1,1.0,-0.55,0.55,-4.9498,0.1111
南北海道,石川,2,2.0,1.5823,-1.5823,7.9117,0.2
南北海道,福岡,2,2.0,-0.1993,0.1993,-0.9963,0.2
南北海道,群馬,1,1.0,-0.379,0.379,-3.4109,0.1111
南北海道,西東京,1,1.0,0.4234,-0.4234,3.8107,0.1111
南北海道,静岡,2,2.0,0.1858,-0.1858,0.9291,0.2
南北海道,香川,1,1.0,-0.3584,0.3584,-3.2252,0.1111
南北海道,鳥取,1,1.0,0.3348,-0.3348,3.0132,0.1111
南北海道,鹿児島,1,1.0,-0.5342,0.5342,-4.8076,0.1111
和歌山,埼玉,2,2.0,-0.0804,0.0804,-0.4018,0.2
和歌山,大分,1,1.0,-0.3772,0.3772,-3.3947,0.1111
和歌山,大阪,18,18.0,-1.7371,1.7371,-2.5091,0.6923
和歌山,奈良,9,9.0,-3.3849,3.3849,-6.3938,0.5294
和歌山,宮城,1,1.0,0.528,-0.528,4.7516,0.1111
和歌山,富山,1,1.0,0.3563,-0.3563,3.2071,0.1111
和歌山,岐阜,1,1.0,0.3418,-0.3418,3.076,0.1111
和歌山,岡山,1,1.0,0.3355,-0.3355,3.0199,0.1111
和歌山,岩手,2,2.0,-0.4354,0.4354,-2.1769,0.2
和歌山,島根,1,1.0,0.387,-0.387,3.4829,0.1111
和歌山,広島,2,2.0,1.4871,-1.4871,7.4353,0.2
和歌山,愛知,2,2.0,-0.1026,0.1026,-0.5129,0.2
和歌山,新潟,1,1.0,0.3726,-0.3726,3.3533,0.1111
和歌山,栃木,2,2.0,-0.4934,0.4934,-2.4672,0.2
和歌山,沖縄,2,2.0,1.6458,-1.6458,8.229,0.2
和歌山,滋賀,10,10.0,5.2686,-5.2686,9.4835,0.5556
和歌山,熊本,1,1.0,0.3411,-0.3411,3.0699,0.1111
和歌山,石川,1,1.0,-0.4528,0.4528,-4.0749,0.1111
和歌山,神奈川,4,4.0,0.6057,-0.6057,1.817,0.3333
和歌山,福井,2,2.0,1.4214,-1.4214,7.1068,0.2
和歌山,福岡,2,2.0,-0.0155,0.0155,-0.0777,0.2
和歌山,群馬,1,1.0,0.5118,-0.5118,4.6064,0.1111
和歌山,茨城,2,2.0,-0.4819,0.4819,-2.4094,0.2
和歌山,長崎,1,1.0,0.3856,-0.3856,3.47,0.1111
和歌山,香川,3,3.0,0.9887,-0.9887,3.6254,0.2727
和歌山,高知,1,1.0,0.4993,-0.4993,4.494,0.1111
和歌山,鳥取,1,1.0,0.4453,-0.4453,4.0076,0.1111
和歌山,鹿児島,1,1.0,-0.5844,0.5844,-5.2598,0.1111
埼玉,大分,1,1.0,0.3773,-0.3773,3.3958,0.1111
埼玉,大阪,2,2.0,-1.407,1.407,-7.0352,0.2
埼玉,奈良,1,1.0,-0.3453,0.3453,-3.1079,0.1111
埼玉,宮城,4,4.0,-0.678,0.678,-2.0339,0.3333
埼玉,宮崎,2,2.0,-0.1911,0.1911,-0.9556,0.2
埼玉,山形,1,1.0,-0.5252,0.5252,-4.7272,0.1111
埼玉,山梨,15,15.0,-6.7298,6.7298,-10.319,0.6522
埼玉,岩手,1,1.0,0.4679,-0.4679,4.2114,0.1111
埼玉,島根,1,1.0,0.4602,-0.4602,4.1419,0.1111
埼玉,広島,2,2.0,1.2297,-1.2297,6.1483,0.2
埼玉,徳島,1,1.0,0.4156,-0.4156,3.7407,0.1111
埼玉,新潟,2,2.0,-0.4747,0.4747,-2.3736,0.2
埼玉,東東京,4,4.0,0.5908,-0.5908,1.7725,0.3333
埼玉,栃木,10,10.0,7.1802,-7.1802,12.9244,0.5556
埼玉,滋賀,2,2.0,-0.055,0.055,-0.2751,0.2
埼玉,熊本,1,1.0,-0.2249,0.2249,-2.0238,0.1111
埼玉,石川,1,1.0,0.5031,-0.5031,4.5277,0.1111
埼玉,神奈川,20,20.0,-7.791,7.791,-10.9073,0.7143
埼玉,福岡,1,1.0,0.3919,-0.3919,3.5274,0.1111
埼玉,福島,1,1.0,0.3563,-0.3563,3.2063,0.1111
埼玉,秋田,1,1.0,0.3962,-0.3962,3.5658,0.1111
埼玉,群馬,5,5.0,1.5453,-1.5453,4.0179,0.3846
埼玉,茨城,8,8.0,4.3982,-4.3982,8.7965,0.5
埼玉,西東京,6,6.0,0.6185,-0.6185,1.4432,0.4286
埼玉,香川,1,1.0,-0.4105,0.4105,-3.6948,0.1111
大分,奈良,2,2.0,-0.1794,0.1794,-0.897,0.2
大分,宮崎,7,7.0,2.8616,-2.8616,6.1319,0.4667
大分,岐阜,1,1.0,-0.5811,0.5811,-5.2301,0.1111
大分,岩手,1,1.0,0.4648,-0.4648,4.1828,0.1111
大分,愛媛,1,1.0,0.3688,-0.3688,3.3192,0.1111
大分,愛知,2,2.0,-0.199,0.199,-0.995,0.2
大分,新潟,1,1.0,0.4215,-0.4215,3.7932,0.1111
大分,東東京,6,6.0,-1.0679,1.0679,-2.4918,0.4286
大分,栃木,1,1.0,-0.4676,0.4676,-4.2082,0.1111
大分,沖縄,7,7.0,-1.9148,1.9148,-4.1032,0.4667
大分,熊本,8,8.0,-8.0657,8.0657,-16.1314,0.5
大分,石川,2,2.0,-1.617,1.617,-8.085,0.2
大分,神奈川,2,2.0,0.037,-0.037,0.1852,0.2
大分,福井,2,2.0,1.5379,-1.5379,7.6897,0.2
大分,福岡,23,23.0,2.0977,-2.0977,2.8274,0.7419
大分,群馬,3,3.0,-0.827,0.827,-3.0324,0.2727
大分,長崎,9,9.0,6.9833,-6.9833,13.1906,0.5294
大分,香川,1,1.0,-0.5212,0.5212,-4.6908,0.1111
大分,高知,1,1.0,-0.5027,0.5027,-4.5247,0.1111
大分,鹿児島,18,18.0,9.8181,-9.8181,14.1817,0.6923
大阪,奈良,19,19.0,1.7268,-1.7268,2.4539,0.7037
大阪,宮城,3,3.0,-2.0261,2.0261,-7.429,0.2727
大阪,富山,2,2.0,1.268,-1.268,6.3401,0.2
大阪,山口,2,2.0,-0.6446,0.6446,-3.2229,0.2
大阪,岩手,2,2.0,1.1489,-1.1489,5.7443,0.2
大阪,広島,3,3.0,2.2314,-2.2314,8.1819,0.2727
大阪,徳島,1,1.0,0.2149,-0.2149,1.9345,0.1111
大阪,愛媛,1,1.0,0.3885,-0.3885,3.4968,0.1111
大阪,愛知,2,2.0,1.1037,-1.1037,5.5184,0.2
大阪,東東京,3,3.0,0.6631,-0.6631,2.4312,0.2727
大阪,栃木,1,1.0,0.3653,-0.3653,3.2878,0.1111
大阪,沖縄,1,1.0,0.3135,-0.3135,2.8219,0.1111
大阪,滋賀,17,17.0,0.9397,-0.9397,1.3819,0.68
大阪,熊本,2,2.0,1.0377,-1.0377,5.1885,0.2
大阪,石川,3,3.0,-1.3691,1.3691,-5.02,0.2727
大阪,福井,2,2.0,0.9373,-0.9373,4.6867,0.2
大阪,福岡,3,3.0,2.5091,-2.5091,9.2,0.2727
大阪,福島,1,1.0,-0.4095,0.4095,-3.6854,0.1111
大阪,秋田,2,2.0,1.0258,-1.0258,5.1288,0.2
大阪,群馬,1,1.0,-0.5999,0.5999,-5.3988,0.1111
大阪,茨城,2,2.0,1.1536,-1.1536,5.7682,0.2
大阪,西東京,4,4.0,3.8806,-3.8806,11.6419,0.3333
大阪,長崎,1,1.0,-0.4378,0.4378,-3.94,0.1111
大阪,静岡,2,2.0,1.0632,-1.0632,5.3161,0.2
大阪,香川,2,2.0,-0.7003,0.7003,-3.5015,0.2
大阪,高知,2,2.0,-0.189,0.189,-0.9451,0.2
大阪,鳥取,2,2.0,1.2298,-1.2298,6.1491,0.2
大阪,鹿児島,1,1.0,0.2451,-0.2451,2.2063,0.1111
奈良,宮城,2,2.0,1.4335,-1.4335,7.1675,0.2
奈良,宮崎,1,1.0,0.3085,-0.3085,2.7761,0.1111
奈良,山口,1,1.0,0.398,-0.398,3.582,0.1111
奈良,山形,2,2.0,1.5287,-1.5287,7.6437,0.2
奈良,山梨,3,3.0,0.8075,-0.8075,2.9607,0.2727
奈良,岐阜,2,2.0,1.5613,-1.5613,7.8066,0.2
奈良,岡山,1,1.0,0.4442,-0.4442,3.9982,0.1111
奈良,岩手,4,4.0,-1.3979,1.3979,-4.1938,0.3333
奈良,広島,3,3.0,0.8906,-0.8906,3.2656,0.2727
奈良,徳島,2,2.0,-0.5093,0.5093,-2.5467,0.2
奈良,愛知,2,2.0,-0.0885,0.0885,-0.4427,0.2
奈良,滋賀,11,11.0,6.8489,-6.8489,11.8299,0.5789
奈良,熊本,2,2.0,-0.0177,0.0177,-0.0887,0.2
奈良,石川,2,2.0,0.2813,-0.2813,1.4065,0.2
奈良,神奈川,2,2.0,0.1804,-0.1804,0.9021,0.2
奈良,福島,3,3.0,-0.7724,0.7724,-2.8322,0.2727
奈良,群馬,3,3.0,0.7349,-0.7349,2.6947,0.2727
奈良,西東京,1,1.0,-0.4656,0.4656,-4.1905,0.1111
奈良,長崎,2,2.0,-1.6853,1.6853,-8.4266,0.2
奈良,青森,1,1.0,-0.4568,0.4568,-4.111,0.1111
奈良,香川,1,1.0,0.405,-0.405,3.6449,0.1111
奈良,高知,1,1.0,0.5012,-0.5012,4.5105,0.1111
奈良,鹿児島,1,1.0,0.3549,-0.3549,3.1941,0.1111
宮城,山口,1,1.0,0.4121,-0.4121,3.7086,0.1111
宮城,山形,15,15.0,0.8647,-0.8647,1.3258,0.6522
宮城,山梨,1,1.0,-0.4912,0.4912,-4.4208,0.1111
宮城,岩手,15,15.0,5.9095,-5.9095,9.0612,0.6522
宮城,島根,1,1.0,0.3454,-0.3454,3.1083,0.1111
宮城,広島,1,1.0,-0.5123,0.5123,-4.6105,0.1111
宮城,徳島,1,1.0,0.4339,-0.4339,3.905,0.1111
宮城,愛知,2,2.0,1.7179,-1.7179,8.5895,0.2
宮城,新潟,2,2.0,1.3722,-1.3722,6.8612,0.2
宮城,東東京,4,4.0,-1.1627,1.1627,-3.4881,0.3333
宮城,栃木,1,1.0,-0.6195,0.6195,-5.5759,0.1111
宮城,沖縄,2,2.0,-0.443,0.443,-2.2149,0.2
宮城,石川,1,1.0,-0.4443,0.4443,-3.9985,0.1111
宮城,神奈川,2,2.0,-0.4582,0.4582,-2.291,0.2
宮城,福井,2,2.0,0.0875,-0.0875,0.4373,0.2
宮城,福島,23,23.0,0.7214,-0.7214,0.9724,0.7419
宮城,秋田,15,15.0,3.6368,-3.6368,5.5765,0.6522
宮城,茨城,1,1.0,0.3844,-0.3844,3.4593,0.1111
宮城,長野,1,1.0,0.465,-0.465,4.1847,0.1111
宮城,青森,27,27.0,3.4631,-3.4631,4.4892,0.7714
宮城,香川,1,1.0,-0.4395,0.4395,-3.9555,0.1111
宮城,高知,1,1.0,0.3805,-0.3805,3.4242,0.1111
宮城,鳥取,2,2.0,1.3097,-1.3097,6.5483,0.2
宮城,鹿児島,1,1.0,0.3656,-0.3656,3.29,0.1111
宮崎,山口,1,1.0,-0.4641,0.4641,-4.1767,0.1111
宮崎,島根,1,1.0,-0.4933,0.4933,-4.4395,0.1111
宮崎,愛知,1,1.0,-0.3692,0.3692,-3.3224,0.1111
宮崎,東東京,3,3.0,-0.3174,0.3174,-1.1639,0.2727
宮崎,栃木,2,2.0,-1.5474,1.5474,-7.737,0.2
宮崎,沖縄,3,3.0,-0.6474,0.6474,-2.3738,0.2727
宮崎,滋賀,1,1.0,-0.3234,0.3234,-2.911,0.1111
宮崎,熊本,5,5.0,3.4356,-3.4356,8.9327,0.3846
宮崎,石川,1,1.0,-0.3279,0.3279,-2.9508,0.1111
宮崎,神奈川,1,1.0,-0.3081,0.3081,-2.7727,0.1111
宮崎,福井,1,1.0,-0.4891,0.4891,-4.4023,0.1111
宮崎,福岡,14,14.0,-6.8839,6.8839,-10.8176,0.6364
宮崎,福島,1,1.0,-0.488,0.488,-4.392,0.1111
宮崎,長崎,9,9.0,-6.7661,6.7661,-12.7804,0.5294
宮崎,静岡,1,1.0,-0.4742,0.4742,-4.2679,0.1111
宮崎,香川,1,1.0,0.5381,-0.5381,4.8432,0.1111
宮崎,高知,1,1.0,0.6472,-0.6472,5.8245,0.1111
宮崎,鹿児島,8,8.0,-1.1621,1.1621,-2.3241,0.5
富山,山口,2,2.0,-1.3957,1.3957,-6.9787,0.2
富山,山梨,1,1.0,-0.3288,0.3288,-2.959,0.1111
富山,岩手,1,1.0,-0.384,0.384,-3.4557,0.1111
富山,島根,1,1.0,0.4633,-0.4633,4.1699,0.1111
富山,新潟,14,14.0,-5.6533,5.6533,-8.8837,0.6364
富山,石川,24,24.0,-26.7464,26.7464,-35.6619,0.75
富山,神奈川,3,3.0,1.2069,-1.2069,4.4251,0.2727
富山,福井,17,17.0,-13.7004,13.7004,-20.1477,0.68
富山,福島,1,1.0,-0.1458,0.1458,-1.312,0.1111
富山,西東京,1,1.0,-0.4821,0.4821,-4.3385,0.1111
富山,長野,11,11.0,3.5916,-3.5916,6.2036,0.5789
富山,鹿児島,1,1.0,0.5202,-0.5202,4.6815,0.1111
山口,山梨,1,1.0,-0.4132,0.4132,-3.7184,0.1111
山口,岡山,21,21.0,-0.0288,0.0288,-0.0398,0.7241
山口,岩手,2,2.0,-0.0064,0.0064,-0.032,0.2
山口,島根,18,18.0,7.2296,-7.2296,10.4427,0.6923
山口,広島,24,24.0,-15.1303,15.1303,-20.1737,0.75
山口,愛媛,1,1.0,0.5116,-0.5116,4.604,0.1111
山口,滋賀,2,2.0,1.6969,-1.6969,8.4847,0.2
山口,石川,1,1.0,0.5944,-0.5944,5.3499,0.1111
山口,群馬,1,1.0,-0.3506,0.3506,-3.1552,0.1111
山口,西東京,2,2.0,-1.6186,1.6186,-8.0932,0.2
山口,長崎,1,1.0,-0.3566,0.3566,-3.2092,0.1111
山口,香川,2,2.0,-1.5594,1.5594,-7.7969,0.2
山口,鳥取,11,11.0,6.4444,-6.4444,11.1313,0.5789
山形,山梨,1,1.0,-0.4122,0.4122,-3.7102,0.1111
山形,岐阜,1,1.0,-0.509,0.509,-4.5809,0.1111
山形,岡山,1,1.0,-0.4707,0.4707,-4.2361,0.1111
山形,岩手,19,19.0,-4.3758,4.3758,-6.2182,0.7037
山形,島根,1,1.0,-0.5856,0.5856,-5.2707,0.1111
山形,広島,1,1.0,0.5742,-0.5742,5.1681,0.1111
山形,東東京,1,1.0,-0.4206,0.4206,-3.7858,0.1111
山形,滋賀,1,1.0,-0.4635,0.4635,-4.1718,0.1111
山形,福島,15,15.0,7.8709,-7.8709,12.0688,0.6522
山形,秋田,9,9.0,1.0692,-1.0692,2.0195,0.5294
山形,西東京,1,1.0,-0.4158,0.4158,-3.7426,0.1111
山形,青森,18,18.0,-11.2038,11.2038,-16.1832,0.6923
山形,香川,1,1.0,0.541,-0.541,4.8693,0.1111
山形,高知,1,1.0,-0.4888,0.4888,-4.3988,0.1111
山形,鳥取,1,1.0,0.47,-0.47,4.2299,0.1111
山梨,岐阜,1,1.0,0.334,-0.334,3.0058,0.1111
山梨,岡山,2,2.0,1.6175,-1.6175,8.0875,0.2
山梨,広島,1,1.0,0.4559,-0.4559,4.1029,0.1111
山梨,愛媛,1,1.0,0.5492,-0.5492,4.9426,0.1111
山梨,東東京,5,5.0,0.3713,-0.3713,0.9654,0.3846
山梨,栃木,7,7.0,-1.9329,1.9329,-4.1419,0.4667
山梨,沖縄,1,1.0,-0.4651,0.4651,-4.1857,0.1111
山梨,熊本,1,1.0,-0.4797,0.4797,-4.3171,0.1111
山梨,神奈川,9,9.0,6.5191,-6.5191,12.3138,0.5294
山梨,福岡,3,3.0,-2.4807,2.4807,-9.0958,0.2727
山梨,福島,1,1.0,0.4933,-0.4933,4.4398,0.1111
山梨,群馬,18,18.0,-6.582,6.582,-9.5073,0.6923
山梨,茨城,6,6.0,-2.7613,2.7613,-6.443,0.4286
山梨,西東京,3,3.0,-2.0042,2.0042,-7.3487,0.2727
山梨,長崎,1,1.0,0.3401,-0.3401,3.0606,0.1111
山梨,静岡,1,1.0,-0.5247,0.5247,-4.7221,0.1111
山梨,香川,1,1.0,-0.3541,0.3541,-3.1867,0.1111
山梨,高知,1,1.0,-0.4378,0.4378,-3.9406,0.1111
岐阜,岡山,1,1.0,-0.4466,0.4466,-4.0197,0.1111
岐阜,愛知,31,31.0,4.388,-4.388,5.5204,0.7949
岐阜,栃木,1,1.0,0.5059,-0.5059,4.5533,0.1111
岐阜,沖縄,1,1.0,-0.3452,0.3452,-3.1069,0.1111
岐阜,滋賀,2,2.0,1.7733,-1.7733,8.8666,0.2
岐阜,熊本,2,2.0,1.805,-1.805,9.0252,0.2
岐阜,石川,2,2.0,-1.2018,1.2018,-6.0091,0.2
岐阜,神奈川,2,2.0,2.1179,-2.1179,10.5893,0.2
岐阜,福岡,1,1.0,-0.3048,0.3048,-2.7429,0.1111
岐阜,福島,1,1.0,0.3963,-0.3963,3.567,0.1111
岐阜,秋田,1,1.0,-0.499,0.499,-4.4906,0.1111
岐阜,茨城,1,1.0,-0.5154,0.5154,-4.6386,0.1111
岐阜,西東京,1,1.0,-0.4347,0.4347,-3.9125,0.1111
岐阜,長崎,1,1.0,0.3569,-0.3569,3.2122,0.1111
岐阜,静岡,22,22.0,-2.3473,2.3473,-3.2009,0.7333
岐阜,高知,2,2.0,-1.1713,1.1713,-5.8566,0.2
岡山,岩手,1,1.0,-0.4949,0.4949,-4.4539,0.1111
岡山,島根,18,18.0,12.3417,-12.3417,17.8268,0.6923
岡山,広島,32,32.0,10.7635,-10.7635,13.4544,0.8
岡山,愛媛,1,1.0,0.3988,-0.3988,3.5896,0.1111
岡山,愛知,2,2.0,0.7115,-0.7115,3.5575,0.2
岡山,栃木,1,1.0,-0.5329,0.5329,-4.7965,0.1111
岡山,福岡,1,1.0,-0.3918,0.3918,-3.5264,0.1111
岡山,福島,1,1.0,-0.4863,0.4863,-4.3764,0.1111
岡山,群馬,1,1.0,-0.3826,0.3826,-3.4437,0.1111
岡山,茨城,2,2.0,0.8702,-0.8702,4.3508,0.2
岡山,西東京,1,1.0,0.5304,-0.5304,4.7734,0.1111
岡山,長崎,2,2.0,0.2922,-0.2922,1.4611,0.2
岡山,長野,1,1.0,0.4058,-0.4058,3.6518,0.1111
岡山,青森,1,1.0,-0.4942,0.4942,-4.448,0.1111
岡山,静岡,1,1.0,0.4544,-0.4544,4.0899,0.1111
岡山,鳥取,45,45.0,-13.1559,13.1559,-15.4947,0.8491
岡山,鹿児島,2,2.0,-1.8833,1.8833,-9.4164,0.2
岩手,広島,2,2.0,0.1518,-0.1518,0.7592,0.2
岩手,徳島,1,1.0,-0.5341,0.5341,-4.807,0.1111
岩手,愛媛,2,2.0,1.6203,-1.6203,8.1013,0.2
岩手,愛知,1,1.0,0.3862,-0.3862,3.4755,0.1111
岩手,東東京,1,1.0,0.4325,-0.4325,3.8926,0.1111
岩手,栃木,1,1.0,0.5134,-0.5134,4.6209,0.1111
岩手,沖縄,1,1.0,0.5279,-0.5279,4.7512,0.1111
岩手,滋賀,4,4.0,-2.8915,2.8915,-8.6745,0.3333
岩手,神奈川,1,1.0,-0.4138,0.4138,-3.7243,0.1111
岩手,福岡,1,1.0,-0.346,0.346,-3.1142,0.1111
岩手,福島,16,16.0,-4.4366,4.4366,-6.655,0.6667
岩手,秋田,22,22.0,-6.5295,6.5295,-8.9039,0.7333
岩手,群馬,1,1.0,-0.3594,0.3594,-3.2348,0.1111
岩手,茨城,2,2.0,1.4972,-1.4972,7.4859,0.2
岩手,西東京,1,1.0,0.4082,-0.4082,3.6741,0.1111
岩手,長野,1,1.0,0.513,-0.513,4.6169,0.1111
岩手,青森,22,22.0,0.6442,-0.6442,0.8784,0.7333
岩手,静岡,1,1.0,-0.3769,0.3769,-3.3918,0.1111
岩手,香川,1,1.0,0.51,-0.51,4.5898,0.1111
岩手,高知,1,1.0,0.4386,-0.4386,3.9472,0.1111
岩手,鳥取,1,1.0,0.296,-0.296,2.6644,0.1111
島根,広島,18,18.0,-8.289,8.289,-11.9729,0.6923
島根,茨城,1,1.0,0.3868,-0.3868,3.4808,0.1111
島根,西東京,1,1.0,0.6616,-0.6616,5.954,0.1111
島根,長崎,2,2.0,0.294,-0.294,1.4702,0.2
島根,青森,1,1.0,0.605,-0.605,5.4447,0.1111
島根,静岡,1,1.0,-0.4505,0.4505,-4.0542,0.1111
島根,鳥取,11,11.0,-10.7106,10.7106,-18.5002,0.5789
島根,鹿児島,1,1.0,-0.3696,0.3696,-3.3262,0.1111
広島,愛知,3,3.0,1.136,-1.136,4.1653,0.2727
広島,東東京,2,2.0,-0.3358,0.3358,-1.6791,0.2
広島,熊本,2,2.0,1.5474,-1.5474,7.7372,0.2
広島,石川,2,2.0,-1.3839,1.3839,-6.9196,0.2
広島,神奈川,5,5.0,-5.3881,5.3881,-14.009,0.3846
広島,福井,4,4.0,4.1883,-4.1883,12.565,0.3333
広島,福岡,1,1.0,-0.3793,0.3793,-3.4141,0.1111
広島,福島,1,1.0,0.4974,-0.4974,4.477,0.1111
広島,茨城,2,2.0,-0.2018,0.2018,-1.0091,0.2
広島,西東京,1,1.0,0.377,-0.377,3.3934,0.1111
広島,長崎,1,1.0,0.3348,-0.3348,3.0131,0.1111
広島,長野,1,1.0,0.3567,-0.3567,3.2101,0.1111
広島,青森,3,3.0,-1.0326,1.0326,-3.7861,0.2727
広島,高知,1,1.0,0.3713,-0.3713,3.3421,0.1111
広島,鳥取,23,23.0,18.8254,-18.8254,25.3734,0.7419
徳島,愛媛,19,19.0,8.1577,-8.1577,11.5925,0.7037
徳島,愛知,4,4.0,1.0927,-1.0927,3.2782,0.3333
徳島,新潟,1,1.0,-0.498,0.498,-4.4819,0.1111
徳島,沖縄,2,2.0,-1.5155,1.5155,-7.5773,0.2
徳島,滋賀,1,1.0,-0.4379,0.4379,-3.9412,0.1111
徳島,熊本,1,1.0,0.3799,-0.3799,3.4187,0.1111
徳島,石川,3,3.0,-0.322,0.322,-1.1808,0.2727
徳島,茨城,1,1.0,-0.5033,0.5033,-4.5294,0.1111
徳島,西東京,2,2.0,0.3057,-0.3057,1.5283,0.2
徳島,香川,45,45.0,3.1613,-3.1613,3.7233,0.8491
徳島,高知,26,26.0,-13.9259,13.9259,-18.2108,0.7647
愛媛,栃木,1,1.0,-0.3837,0.3837,-3.4537,0.1111
愛媛,滋賀,1,1.0,-0.3839,0.3839,-3.4555,0.1111
愛媛,熊本,1,1.0,-0.5381,0.5381,-4.8429,0.1111
愛媛,石川,2,2.0,1.7317,-1.7317,8.6584,0.2
愛媛,福岡,1,1.0,0.4985,-0.4985,4.4861,0.1111
愛媛,西東京,1,1.0,-0.3286,0.3286,-2.9578,0.1111
愛媛,静岡,1,1.0,0.484,-0.484,4.3561,0.1111
愛媛,香川,20,20.0,2.0399,-2.0399,2.8559,0.7143
愛媛,高知,23,23.0,-25.6088,25.6088,-34.5162,0.7419
愛知,東東京,1,1.0,0.4352,-0.4352,3.9168,0.1111
愛知,沖縄,1,1.0,-0.3395,0.3395,-3.0551,0.1111
愛知,滋賀,2,2.0,-0.7213,0.7213,-3.6066,0.2
愛知,石川,2,2.0,0.3809,-0.3809,1.9045,0.2
愛知,神奈川,2,2.0,0.1154,-0.1154,0.5771,0.2
愛知,福岡,1,1.0,0.4208,-0.4208,3.7868,0.1111
愛知,群馬,2,2.0,0.0015,-0.0015,0.0074,0.2
愛知,茨城,1,1.0,0.309,-0.309,2.7807,0.1111
愛知,西東京,2,2.0,-0.1768,0.1768,-0.8839,0.2
愛知,長崎,2,2.0,1.1448,-1.1448,5.7241,0.2
愛知,青森,4,4.0,0.1469,-0.1469,0.4408,0.3333
愛知,静岡,28,28.0,4.5895,-4.5895,5.9007,0.7778
愛知,香川,1,1.0,0.3516,-0.3516,3.164,0.1111
愛知,高知,2,2.0,1.4872,-1.4872,7.4359,0.2
愛知,鳥取,1,1.0,0.2926,-0.2926,2.6335,0.1111
愛知,鹿児島,1,1.0,-0.531,0.531,-4.7794,0.1111
新潟,東東京,2,2.0,-1.3499,1.3499,-6.7495,0.2
新潟,石川,23,23.0,0.8688,-0.8688,1.171,0.7419
新潟,神奈川,1,1.0,-0.4813,0.4813,-4.3319,0.1111
新潟,福井,24,24.0,-6.8271,6.8271,-9.1028,0.75
新潟,長崎,1,1.0,-0.4345,0.4345,-3.9105,0.1111
新潟,長野,19,19.0,-3.6069,3.6069,-5.1257,0.7037
新潟,香川,1,1.0,-0.3446,0.3446,-3.1013,0.1111
新潟,高知,1,1.0,0.4502,-0.4502,4.0517,0.1111
東京,東東京,50,50.0,-56.3877,56.3877,-65.4098,0.8621
東京,西東京,29,29.0,2.9936,-2.9936,3.8195,0.7838
東東京,栃木,2,2.0,-1.4679,1.4679,-7.3394,0.2
東東京,沖縄,4,4.0,-0.1487,0.1487,-0.4462,0.3333
東東京,熊本,5,5.0,3.2339,-3.2339,8.4081,0.3846
東東京,神奈川,3,3.0,1.3064,-1.3064,4.79,0.2727
東東京,福井,1,1.0,0.4838,-0.4838,4.3545,0.1111
東東京,福岡,4,4.0,0.1065,-0.1065,0.3196,0.3333
東東京,福島,2,2.0,-1.7931,1.7931,-8.9657,0.2
東東京,秋田,1,1.0,0.4821,-0.4821,4.3391,0.1111
東東京,群馬,3,3.0,-0.9795,0.9795,-3.5914,0.2727
東東京,茨城,4,4.0,-0.9921,0.9921,-2.9764,0.3333
東東京,西東京,569,569.0,-26.5911,26.5911,-26.965,0.9861
東東京,長崎,1,1.0,0.4022,-0.4022,3.6201,0.1111
東東京,青森,1,1.0,-0.3589,0.3589,-3.2302,0.1111
東東京,静岡,1,1.0,-0.2492,0.2492,-2.2427,0.1111
東東京,香川,4,4.0,-1.5243,1.5243,-4.5729,0.3333
東東京,高知,3,3.0,-0.3298,0.3298,-1.2091,0.2727
東東京,鹿児島,2,2.0,0.1759,-0.1759,0.8796,0.2
栃木,熊本,2,2.0,-1.6328,1.6328,-8.164,0.2
栃木,石川,1,1.0,-0.2766,0.2766,-2.4896,0.1111
栃木,神奈川,10,10.0,-7.3844,7.3844,-13.2919,0.5556
栃木,福岡,1,1.0,0.5728,-0.5728,5.1551,0.1111
栃木,秋田,1,1.0,-0.3702,0.3702,-3.3318,0.1111
栃木,群馬,10,10.0,-8.308,8.308,-14.9545,0.5556
栃木,茨城,6,6.0,5.1972,-5.1972,12.1268,0.4286
栃木,西東京,2,2.0,0.0989,-0.0989,0.4946,0.2
栃木,青森,2,2.0,-1.4589,1.4589,-7.2947,0.2
栃木,静岡,2,2.0,1.9111,-1.9111,9.5553,0.2
栃木,香川,3,3.0,0.9256,-0.9256,3.394,0.2727
栃木,鹿児島,2,2.0,0.417,-0.417,2.085,0.2
沖縄,滋賀,1,1.0,0.316,-0.316,2.8438,0.1111
沖縄,熊本,9,9.0,3.0791,-3.0791,5.8162,0.5294
沖縄,神奈川,3,3.0,-3.2471,3.2471,-11.906,0.2727
沖縄,福井,1,1.0,-0.3833,0.3833,-3.4501,0.1111
沖縄,福岡,18,18.0,-6.7878,6.7878,-9.8045,0.6923
沖縄,秋田,1,1.0,0.4233,-0.4233,3.8095,0.1111
沖縄,茨城,1,1.0,0.4947,-0.4947,4.4521,0.1111
沖縄,西東京,2,2.0,0.2561,-0.2561,1.2804,0.2
沖縄,長崎,12,12.0,4.3356,-4.3356,7.2259,0.6
沖縄,青森,2,2.0,1.3804,-1.3804,6.9019,0.2
沖縄,鹿児島,10,10.0,0.1543,-0.1543,0.2778,0.5556
滋賀,熊本,3,3.0,-1.1312,1.1312,-4.1478,0.2727
滋賀,石川,2,2.0,-1.2052,1.2052,-6.0261,0.2
滋賀,神奈川,3,3.0,-1.3141,1.3141,-4.8185,0.2727
滋賀,福井,1,1.0,-0.3956,0.3956,-3.5603,0.1111
滋賀,福岡,2,2.0,-0.6985,0.6985,-3.4925,0.2
滋賀,福島,2,2.0,1.5655,-1.5655,7.8277,0.2
滋賀,秋田,1,1.0,-0.5213,0.5213,-4.6914,0.1111
滋賀,群馬,2,2.0,0.1612,-0.1612,0.8061,0.2
滋賀,茨城,1,1.0,0.4874,-0.4874,4.3865,0.1111
滋賀,西東京,1,1.0,0.2137,-0.2137,1.9237,0.1111
滋賀,長崎,4,4.0,5.1681,-5.1681,15.5044,0.3333
滋賀,青森,3,3.0,-3.1331,3.1331,-11.488,0.2727
滋賀,静岡,1,1.0,0.5083,-0.5083,4.5747,0.1111
滋賀,香川,1,1.0,0.4495,-0.4495,4.0457,0.1111
滋賀,高知,1,1.0,0.548,-0.548,4.9321,0.1111
熊本,神奈川,1,1.0,0.5111,-0.5111,4.6003,0.1111
熊本,福岡,9,9.0,3.5912,-3.5912,6.7833,0.5294
熊本,福島,2,2.0,0.1907,-0.1907,0.9536,0.2
熊本,群馬,2,2.0,-0.0055,0.0055,-0.0273,0.2
熊本,西東京,3,3.0,-0.2646,0.2646,-0.9704,0.2727
熊本,長崎,10,10.0,-4.5271,4.5271,-8.1488,0.5556
熊本,静岡,1,1.0,-0.4499,0.4499,-4.0487,0.1111
熊本,鹿児島,3,3.0,-0.5385,0.5385,-1.9743,0.2727
石川,神奈川,2,2.0,-0.1944,0.1944,-0.9719,0.2
石川,福井,25,25.0,-0.2549,0.2549,-0.3365,0.7576
石川,群馬,1,1.0,-0.4487,0.4487,-4.0386,0.1111
石川,茨城,1,1.0,-0.4685,0.4685,-4.2162,0.1111
石川,西東京,2,2.0,-0.0826,0.0826,-0.4129,0.2
石川,長崎,2,2.0,-2.1401,2.1401,-10.7003,0.2
石川,長野,21,21.0,-2.4228,2.4228,-3.3458,0.7241
石川,青森,3,3.0,0.4977,-0.4977,1.8249,0.2727
石川,静岡,1,1.0,-0.4161,0.4161,-3.7447,0.1111
石川,香川,2,2.0,1.112,-1.112,5.5598,0.2
石川,高知,3,3.0,-1.1282,1.1282,-4.1368,0.2727
神奈川,福井,4,4.0,2.4648,-2.4648,7.3943,0.3333
神奈川,福岡,3,3.0,0.9365,-0.9365,3.4337,0.2727
神奈川,福島,3,3.0,0.0112,-0.0112,0.041,0.2727
神奈川,秋田,1,1.0,-0.5289,0.5289,-4.7605,0.1111
神奈川,群馬,12,12.0,3.0261,-3.0261,5.0435,0.6
神奈川,茨城,13,13.0,8.9293,-8.9293,14.4242,0.619
神奈川,西東京,4,4.0,0.3596,-0.3596,1.0789,0.3333
神奈川,長野,2,2.0,1.1124,-1.1124,5.5622,0.2
神奈川,静岡,2,2.0,0.2288,-0.2288,1.144,0.2
神奈川,香川,1,1.0,0.1981,-0.1981,1.7825,0.1111
神奈川,高知,2,2.0,-0.1569,0.1569,-0.7847,0.2
神奈川,鳥取,1,1.0,0.3235,-0.3235,2.9118,0.1111
神奈川,鹿児島,1,1.0,-0.4236,0.4236,-3.812,0.1111
福井,福島,1,1.0,-0.5181,0.5181,-4.6628,0.1111
福井,秋田,1,1.0,0.4355,-0.4355,3.9191,0.1111
福井,群馬,3,3.0,-1.7522,1.7522,-6.4248,0.2727
福井,茨城,1,1.0,-0.4295,0.4295,-3.8657,0.1111
福井,西東京,1,1.0,0.5811,-0.5811,5.2303,0.1111
福井,長野,21,21.0,9.5458,-9.5458,13.1823,0.7241
福井,香川,1,1.0,0.363,-0.363,3.2672,0.1111
福井,高知,1,1.0,-0.3501,0.3501,-3.1512,0.1111
福岡,福島,1,1.0,-0.365,0.365,-3.2849,0.1111
福岡,秋田,1,1.0,0.423,-0.423,3.8067,0.1111
福岡,茨城,1,1.0,-0.6045,0.6045,-5.4407,0.1111
福岡,西東京,2,2.0,-0.1724,0.1724,-0.8622,0.2
福岡,長崎,12,12.0,12.1252,-12.1252,20.2086,0.6
福岡,青森,1,1.0,0.5399,-0.5399,4.8592,0.1111
福岡,静岡,2,2.0,1.3733,-1.3733,6.8665,0.2
福岡,香川,1,1.0,-0.5879,0.5879,-5.2908,0.1111
福岡,高知,1,1.0,0.5103,-0.5103,4.5924,0.1111
福岡,鹿児島,15,15.0,-4.0748,4.0748,-6.248,0.6522
福島,秋田,12,12.0,5.9356,-5.9356,9.8926,0.6
福島,群馬,1,1.0,-0.3695,0.3695,-3.3259,0.1111
福島,西東京,2,2.0,1.8036,-1.8036,9.0181,0.2
福島,長崎,2,2.0,-1.5847,1.5847,-7.9236,0.2
福島,青森,18,18.0,-2.9509,2.9509,-4.2624,0.6923
福島,静岡,1,1.0,0.366,-0.366,3.2938,0.1111
秋田,西東京,2,2.0,0.4089,-0.4089,2.0446,0.2
秋田,青森,17,17.0,-13.7733,13.7733,-20.2548,0.68
秋田,高知,1,1.0,-0.3852,0.3852,-3.4671,0.1111
秋田,鹿児島,1,1.0,0.5525,-0.5525,4.9726,0.1111
群馬,茨城,16,16.0,-3.2227,3.2227,-4.8341,0.6667
群馬,西東京,3,3.0,0.4468,-0.4468,1.6382,0.2727
群馬,香川,1,1.0,0.4572,-0.4572,4.1146,0.1111
群馬,高知,2,2.0,1.5775,-1.5775,7.8873,0.2
茨城,西東京,3,3.0,-0.5831,0.5831,-2.138,0.2727
茨城,長野,2,2.0,0.066,-0.066,0.3302,0.2
茨城,青森,1,1.0,0.5629,-0.5629,5.0661,0.1111
茨城,静岡,1,1.0,-0.5079,0.5079,-4.5712,0.1111
茨城,高知,1,1.0,0.4086,-0.4086,3.6776,0.1111
茨城,鳥取,3,3.0,0.3135,-0.3135,1.1494,0.2727
茨城,鹿児島,1,1.0,0.5332,-0.5332,4.7991,0.1111
西東京,青森,1,1.0,0.5055,-0.5055,4.5494,0.1111
西東京,香川,2,2.0,1.5297,-1.5297,7.6486,0.2
西東京,高知,2,2.0,1.44,-1.44,7.1999,0.2
長崎,青森,1,1.0,-0.4678,0.4678,-4.2104,0.1111
長崎,静岡,2,2.0,1.139,-1.139,5.6952,0.2
長崎,高知,1,1.0,-0.3847,0.3847,-3.4627,0.1111
長崎,鹿児島,2,2.0,0.5002,-0.5002,2.5012,0.2
長野,青森,1,1.0,-0.3834,0.3834,-3.4503,0.1111
長野,香川,1,1.0,-0.5102,0.5102,-4.5917,0.1111
長野,高知,1,1.0,-0.4095,0.4095,-3.6859,0.1111
青森,香川,1,1.0,-0.3859,0.3859,-3.4731,0.1111
静岡,高知,1,1.0,-0.3747,0.3747,-3.3722,0.1111
静岡,鳥取,1,1.0,-0.3988,0.3988,-3.5893,0.1111
香川,高知,32,32.0,19.0935,-19.0935,23.8669,0.8
高知,鳥取,1,1.0,0.3393,-0.3393,3.0533,0.1111
